cell,KUL28-T_ATAACGCGTCACAAGG,KUL28-T_CCCATACGTCAGATAA,KUL28-T_CCGTACTGTATAATGG,KUL28-T_CTGTTTATCCTTTACA,KUL28-T_GAGTCCGCAGTCTTCC,KUL28-T_GATCAGTCACGCGAAA,KUL28-T_GGACAAGTCTTAGCCC,KUL28-T_GGATTACAGAAACCAT,KUL28-T_TCATTTGGTTGTCTTT,KUL28-T_TCCACACAGTCATGCT
IGHA1,0.0,0.0,0.0,0.0,0.0,0.0,0.0,0.0,0.0,0.0
CD79A,0.0,0.0,0.0,0.0,0.0,0.0,0.0,0.0,0.0,0.0
JCHAIN,0.0,0.0,0.0,0.0,0.0,0.0,0.0,0.0,0.0,0.0
IGKC,0.0,0.0,0.0,0.0,0.0,0.0,0.0,0.0,0.0,0.0
S100A6,3.25761589356415,3.02753929531507,3.87704481667088,3.52966631275066,3.38588892208523,2.7499141123751,2.89504318864994,3.70870646897734,4.19831066351299,3.28442873370438
DERL3,0.0,0.0,0.0,0.0,0.0,0.0,0.0,0.0,0.0,0.0
AL928768.3,0.0,0.0,0.0,0.0,0.0,0.0,0.0,0.0,0.0,0.0
MZB1,0.0,0.0,0.0,0.0,0.0,0.0,0.0,0.0,0.0,0.0
IGHA2,0.0,0.0,0.0,0.0,0.0,0.0,0.0,0.0,0.0,0.0
FTH1,4.33024,4.778099,4.159535,4.698647,4.899379,4.306851,4.317913,4.184743,3.697449,4.421487
IFITM3,0.0,0.0,2.183826,0.0,2.997206,1.77163,0.0,0.0,0.0,0.0
SSR4,1.791343,0.0,3.481882,1.74578,0.0,2.375915,2.895043,1.787605,0.0,2.798271
TNFRSF17,0.0,0.0,0.0,0.0,0.0,0.0,0.0,0.0,0.0,0.0
TMSB10,3.257616,3.416728,2.183826,3.204852,2.352779,3.234834,3.383502,3.039773,3.304301,2.422809
MYL6,0.0,0.0,2.819021,2.991798,2.352779,2.749914,0.0,1.787605,0.0,0.0
ITM2B,3.433503,2.38169,4.028232,3.877508,3.385889,1.77163,3.840701,3.039773,3.028786,3.284429
CST3,1.791343,0.0,0.0,2.347629,0.0,2.375915,1.901325,0.0,0.0,1.814621
HSP90AB1,1.791343,2.38169,0.0,2.347629,2.352779,2.375915,0.0,1.787605,0.0,0.0
HSPB1,1.791343,0.0,0.0,0.0,0.0,0.0,0.0,0.0,0.0,1.814621
CD69,4.110382,3.416728,4.379551,4.339718,4.345336,4.430427,4.059539,4.105968,4.198311,2.798271
LGALS1,3.257616,2.38169,2.183826,1.74578,3.385889,0.0,1.901325,1.787605,2.022524,0.0
EVI2B,0.0,0.0,0.0,2.347629,0.0,1.77163,0.0,0.0,0.0,1.814621
CD48,0.0,0.0,0.0,0.0,0.0,1.77162979968438,0.0,2.39336217346739,0.0,0.0
VIM,2.77212,2.38169,0.0,2.347629,3.883083,2.749914,1.901325,3.039773,0.0,3.460487
ACTB,3.044046,3.027539,2.183826,3.38039,2.997206,3.234834,1.901325,3.039773,0.0,3.61014
CYTIP,0.0,0.0,0.0,0.0,0.0,0.0,0.0,0.0,0.0,0.0
IGFBP7,0.0,0.0,0.0,0.0,0.0,0.0,0.0,0.0,0.0,0.0
S100A11,2.39744085126915,2.38169038092219,2.18382640423796,2.34762900467216,2.35277882971183,0.0,2.89504318864994,0.0,0.0,1.8146205105463
RGS1,4.02486074422507,3.02753929531507,2.18382640423796,4.05637314721031,4.2136558371446,3.41057252622853,3.84070070636661,4.25776275558594,3.02878647179161,3.61013985386154
LAPTM4A,1.791343,2.38169,4.028232,3.659527,3.883083,1.77163,3.168805,3.708706,0.0,2.798271
CD74,0.0,0.0,0.0,0.0,0.0,0.0,0.0,0.0,0.0,1.814621
DSTN,1.791343,2.38169,2.183826,0.0,2.352779,0.0,0.0,0.0,2.022524,0.0
ISG20,0.0,0.0,0.0,0.0,0.0,0.0,0.0,0.0,0.0,0.0
S100A10,0.0,0.0,0.0,0.0,0.0,0.0,0.0,0.0,0.0,0.0
FAM46C,0.0,0.0,0.0,0.0,0.0,0.0,0.0,0.0,0.0,1.8146205105463
SPARC,0.0,0.0,0.0,0.0,0.0,0.0,0.0,0.0,0.0,0.0
CD63,2.397441,3.027539,3.698857,3.38039,3.665073,1.77163,3.560153,3.429161,2.647221,2.422809
CCL5,0.0,0.0,0.0,0.0,0.0,0.0,0.0,0.0,0.0,0.0
POLR2L,1.791343,2.38169,0.0,0.0,0.0,1.77163,1.901325,1.787605,2.022524,1.814621
SPARCL1,0.0,0.0,0.0,0.0,0.0,0.0,0.0,0.0,0.0,0.0
CYBA,2.397441,3.696171,0.0,2.347629,2.352779,2.749914,2.895043,1.787605,2.647221,1.814621
SEC11C,0.0,0.0,2.183826,0.0,0.0,0.0,0.0,0.0,0.0,1.814621
IGLC2,0.0,0.0,0.0,0.0,0.0,0.0,0.0,0.0,0.0,0.0
FOS,0.0,4.093329,4.159535,3.659527,4.565883,4.001584,3.956094,4.257763,3.978915,4.357749
RHOA,0.0,0.0,0.0,0.0,0.0,0.0,0.0,0.0,0.0,0.0
SPINK2,0.0,0.0,0.0,0.0,0.0,0.0,0.0,0.0,0.0,0.0
NEAT1,3.044046,3.027539,3.698857,2.991798,2.997206,3.689965,2.516851,2.393362,3.028786,3.958667
RHOB,0.0,0.0,2.183826,0.0,2.352779,0.0,0.0,0.0,0.0,0.0
S100A4,1.79134292404771,2.38169038092219,2.81902142480016,2.34762900467216,3.66507310424284,3.23483371332379,3.71023297962392,3.70870646897734,2.02252417882334,3.61013985386154
CD27,0.0,0.0,0.0,0.0,0.0,0.0,0.0,0.0,0.0,0.0
CALD1,0.0,0.0,0.0,0.0,0.0,0.0,0.0,0.0,0.0,0.0
APP,0.0,0.0,0.0,0.0,0.0,0.0,0.0,0.0,0.0,0.0
CTGF,0.0,0.0,0.0,0.0,0.0,0.0,0.0,0.0,0.0,0.0
HSP90AA1,2.397441,0.0,2.819021,2.72071,0.0,2.375915,1.901325,0.0,2.022524,1.814621
DDX5,2.397441,3.027539,0.0,2.72071,2.352779,0.0,1.901325,2.767914,2.647221,1.814621
EGR1,0.0,2.38169,4.028232,3.970934,0.0,0.0,0.0,1.787605,2.647221,0.0
PPIA,0.0,2.38169,0.0,2.347629,0.0,0.0,0.0,0.0,0.0,1.814621
ACTG1,3.044046,0.0,0.0,0.0,0.0,1.77163,0.0,2.393362,0.0,0.0
FCRL5,0.0,0.0,0.0,0.0,0.0,0.0,0.0,0.0,0.0,0.0
CNN3,0.0,0.0,0.0,0.0,0.0,0.0,0.0,0.0,0.0,0.0
ITGB1,0.0,0.0,0.0,0.0,0.0,0.0,0.0,0.0,0.0,1.814621
MT-CO3,5.141167,4.493217,4.028232,4.056373,4.061967,4.001584,4.583036,4.389523,4.457203,3.070607
ANXA2,0.0,0.0,0.0,0.0,0.0,0.0,0.0,0.0,0.0,0.0
TMSB4X,4.563854,4.691852,4.712437,4.056373,4.825844,4.95957,4.583036,4.790844,4.530482,4.780729
JUNB,3.257616,3.027539,2.819021,2.347629,0.0,2.749914,2.516851,2.393362,2.647221,3.284429
POU2AF1,0.0,0.0,0.0,0.0,0.0,0.0,0.0,0.0,0.0,0.0
TXN,0.0,0.0,2.819021,0.0,0.0,0.0,1.901325,0.0,0.0,2.422809
CALM2,1.791343,3.696171,2.183826,2.347629,2.997206,3.021484,1.901325,2.767914,2.022524,1.814621
TSC22D3,2.397441,3.416728,2.819021,2.991798,2.997206,1.77163,3.168805,2.767914,3.028786,2.422809
EID1,1.791343,2.38169,0.0,0.0,0.0,1.77163,0.0,0.0,0.0,1.814621
ATP5I,1.791343,2.38169,2.819021,1.74578,2.352779,2.375915,0.0,2.393362,2.022524,1.814621
MT2A,0.0,2.38169,2.183826,4.056373,4.061967,1.77163,3.168805,2.393362,3.304301,2.798271
COX7A2,0.0,0.0,2.819021,0.0,0.0,0.0,0.0,0.0,0.0,1.814621
YWHAE,1.791343,0.0,2.183826,1.74578,0.0,0.0,0.0,1.787605,0.0,0.0
MALAT1,6.311236,7.039213,6.587523,6.786242,6.636183,6.914104,6.600719,6.47353,7.378384,6.474634
SRGN,4.189162,0.0,4.639019,4.399575,4.061967,3.559995,3.840701,4.257763,3.978915,4.421487
ADIRF,0.0,0.0,0.0,0.0,0.0,0.0,0.0,0.0,0.0,0.0
GSN,0.0,0.0,0.0,0.0,0.0,0.0,1.901325,0.0,0.0,0.0
WBP5,0.0,0.0,0.0,0.0,0.0,0.0,0.0,0.0,0.0,0.0
NFKBIA,3.583033,0.0,2.183826,2.991798,3.385889,3.021484,4.059539,2.767914,0.0,3.070607
CD53,0.0,0.0,0.0,0.0,0.0,1.77162979968438,1.90132525334375,0.0,0.0,0.0
FKBP1A,0.0,0.0,0.0,0.0,0.0,0.0,1.901325,0.0,0.0,1.814621
MGP,0.0,0.0,0.0,0.0,0.0,0.0,0.0,1.787605,2.022524,0.0
FKBP11,0.0,0.0,0.0,0.0,0.0,0.0,0.0,0.0,0.0,0.0
RAC2,2.397441,0.0,0.0,0.0,0.0,0.0,2.516851,2.393362,0.0,1.814621
DYNLL1,0.0,0.0,0.0,1.74578,2.352779,2.375915,1.901325,1.787605,0.0,1.814621
H3F3A,3.25761589356415,2.38169038092219,3.20439800269304,2.99179833952829,2.99720597304345,3.55999457384193,3.38350187224078,3.03977296311031,2.64722064025442,3.07060709299409
GSTP1,0.0,0.0,3.204398,1.74578,0.0,0.0,2.895043,1.787605,0.0,3.070607
IL32,0.0,0.0,0.0,0.0,0.0,0.0,0.0,0.0,0.0,0.0
CD59,1.791343,0.0,0.0,1.74578,0.0,0.0,2.516851,0.0,2.022524,1.814621
LMNA,0.0,0.0,0.0,1.74577992111071,0.0,0.0,0.0,0.0,0.0,0.0
SKP1,1.791343,0.0,3.204398,2.347629,0.0,2.375915,1.901325,2.767914,0.0,0.0
TIMP1,0.0,0.0,3.204398,1.74578,0.0,2.375915,1.901325,2.767914,2.022524,0.0
PSAP,2.397441,0.0,2.183826,0.0,0.0,0.0,0.0,0.0,2.022524,0.0
SRP14,1.791343,0.0,2.819021,2.347629,0.0,1.77163,0.0,2.393362,0.0,1.814621
ANKRD28,2.77212,0.0,0.0,1.74578,0.0,2.375915,0.0,0.0,0.0,0.0
COL4A1,0.0,0.0,0.0,0.0,0.0,0.0,0.0,0.0,0.0,0.0
HMGB1,2.397441,3.027539,2.819021,2.347629,2.352779,0.0,1.901325,2.767914,0.0,1.814621
TSPO,1.791343,3.027539,0.0,1.74578,0.0,1.77163,0.0,2.393362,0.0,0.0
MEF2C,0.0,0.0,0.0,0.0,0.0,0.0,0.0,0.0,0.0,0.0
COL6A2,0.0,0.0,0.0,0.0,0.0,0.0,0.0,0.0,0.0,0.0
GADD45GIP1,0.0,0.0,0.0,0.0,0.0,2.375915,0.0,0.0,0.0,1.814621
ICAM3,0.0,0.0,0.0,0.0,0.0,0.0,0.0,0.0,0.0,1.814621
CFL1,2.397441,0.0,0.0,0.0,0.0,0.0,2.895043,1.787605,2.022524,2.798271
UQCRQ,1.791343,3.027539,2.183826,1.74578,3.385889,0.0,1.901325,0.0,2.022524,0.0
SPRY1,1.791343,0.0,0.0,0.0,0.0,0.0,0.0,0.0,0.0,0.0
COX5B,0.0,2.38169,2.819021,1.74578,0.0,0.0,1.901325,0.0,0.0,1.814621
RPS21,2.397441,0.0,2.183826,2.72071,0.0,1.77163,2.516851,1.787605,0.0,2.422809
POMP,1.791343,3.027539,0.0,1.74578,0.0,1.77163,1.901325,2.393362,0.0,2.422809
TPD52,0.0,0.0,0.0,0.0,0.0,0.0,0.0,0.0,0.0,0.0
COX6B1,1.791343,0.0,3.204398,1.74578,0.0,1.77163,0.0,0.0,2.022524,1.814621
NDUFA4,1.791343,0.0,2.819021,2.347629,2.997206,1.77163,1.901325,1.787605,0.0,2.422809
NPC2,2.77212,0.0,2.819021,0.0,0.0,1.77163,0.0,1.787605,2.022524,0.0
S100A13,0.0,0.0,0.0,0.0,0.0,0.0,0.0,0.0,0.0,0.0
RPL38,3.583033,3.027539,3.481882,3.659527,2.352779,1.77163,3.168805,2.767914,2.647221,2.798271
CD99,0.0,0.0,0.0,1.74578,0.0,0.0,0.0,0.0,0.0,0.0
ACTN1,0.0,0.0,0.0,0.0,0.0,0.0,0.0,0.0,0.0,0.0
PTRF,0.0,0.0,0.0,0.0,0.0,0.0,0.0,0.0,0.0,0.0
TCEB2,0.0,0.0,2.183826,0.0,0.0,2.375915,1.901325,1.787605,2.022524,2.422809
PPDPF,2.397441,3.027539,0.0,0.0,2.352779,2.749914,1.901325,2.393362,2.647221,2.422809
CD7,0.0,0.0,0.0,0.0,0.0,0.0,0.0,0.0,0.0,0.0
RPS4Y1,2.77212,0.0,0.0,2.347629,0.0,2.375915,0.0,2.393362,0.0,2.422809
ANXA1,0.0,2.38169,2.819021,2.347629,3.665073,1.77163,3.560153,3.429161,2.022524,3.460487
KLRD1,0.0,0.0,0.0,0.0,0.0,0.0,0.0,0.0,0.0,0.0
COL1A2,0.0,0.0,0.0,0.0,0.0,0.0,0.0,0.0,2.022524,0.0
IGLC3,0.0,0.0,0.0,0.0,0.0,0.0,0.0,0.0,0.0,0.0
CXCL8,1.791343,3.027539,2.183826,0.0,0.0,0.0,0.0,1.787605,2.022524,1.814621
TNFRSF18,0.0,0.0,0.0,0.0,0.0,0.0,0.0,0.0,2.02252417882334,0.0
MYL12B,0.0,0.0,2.819021,2.72071,2.997206,1.77163,0.0,0.0,0.0,1.814621
SUMO2,2.397441,3.027539,0.0,1.74578,0.0,0.0,2.516851,3.039773,0.0,0.0
ARHGDIB,0.0,0.0,0.0,1.74578,0.0,0.0,2.516851,1.787605,0.0,2.798271
MYL12A,0.0,0.0,2.819021,1.74578,0.0,1.77163,2.895043,2.393362,0.0,2.422809
YBX3,0.0,0.0,0.0,0.0,0.0,0.0,0.0,0.0,0.0,0.0
ZFP36,2.77212,3.027539,2.183826,2.72071,2.352779,3.234834,0.0,0.0,3.520073,2.798271
MCL1,1.79134292404771,0.0,0.0,2.34762900467216,0.0,1.77162979968438,0.0,2.39336217346739,0.0,0.0
TMBIM4,0.0,0.0,2.183826,2.347629,0.0,1.77163,0.0,1.787605,0.0,0.0
UBL5,1.791343,3.416728,2.819021,1.74578,2.352779,0.0,1.901325,0.0,0.0,0.0
COL4A2,0.0,0.0,0.0,0.0,0.0,1.77163,0.0,0.0,0.0,0.0
MYL9,0.0,0.0,0.0,0.0,0.0,0.0,0.0,0.0,0.0,0.0
MORF4L1,1.791343,0.0,2.183826,1.74578,2.997206,1.77163,0.0,0.0,2.022524,1.814621
SERF2,2.397441,0.0,2.183826,3.204852,2.997206,2.375915,1.901325,1.787605,2.022524,2.798271
RPL28,3.433503,3.027539,0.0,4.276048,2.997206,3.410573,3.168805,3.253301,3.697449,3.740285
MT-CO1,5.484299,4.999559,4.844845,4.893729,4.74647,4.993237,5.836814,5.273153,5.468337,4.939828
EVL,0.0,0.0,0.0,0.0,0.0,0.0,0.0,0.0,0.0,0.0
WSB1,0.0,0.0,0.0,1.74578,2.352779,1.77163,0.0,0.0,2.022524,1.814621
PCBP2,1.791343,2.38169,0.0,0.0,0.0,0.0,0.0,0.0,0.0,0.0
HLA-A,1.791343,0.0,2.183826,2.72071,2.352779,3.410573,1.901325,0.0,0.0,1.814621
PTPRC,0.0,0.0,0.0,0.0,0.0,0.0,0.0,1.78760491402091,0.0,0.0
TMA7,2.397441,2.38169,2.183826,0.0,2.352779,2.375915,1.901325,1.787605,2.022524,1.814621
GNG7,0.0,0.0,0.0,0.0,0.0,0.0,0.0,0.0,0.0,0.0
ANXA5,1.791343,0.0,0.0,0.0,2.352779,0.0,0.0,0.0,0.0,0.0
TMEM230,0.0,0.0,0.0,0.0,0.0,0.0,0.0,1.787605,0.0,0.0
CLIC4,0.0,0.0,0.0,0.0,0.0,0.0,0.0,0.0,0.0,0.0
PSMB1,0.0,0.0,0.0,0.0,0.0,0.0,0.0,2.393362,0.0,1.814621
TPM4,0.0,0.0,2.183826,0.0,0.0,0.0,0.0,0.0,0.0,1.814621
PPIC,0.0,0.0,0.0,0.0,0.0,0.0,0.0,0.0,0.0,0.0
HSPG2,0.0,0.0,0.0,0.0,0.0,0.0,0.0,0.0,0.0,0.0
TFPI,0.0,0.0,0.0,0.0,0.0,0.0,0.0,0.0,0.0,0.0
CXCR4,0.0,0.0,0.0,2.347629,0.0,1.77163,2.895043,0.0,0.0,0.0
EMB,0.0,0.0,0.0,0.0,0.0,0.0,0.0,0.0,0.0,0.0
NCF1,0.0,0.0,0.0,1.74578,0.0,0.0,0.0,0.0,0.0,0.0
SELM,0.0,0.0,0.0,0.0,0.0,1.77163,0.0,0.0,0.0,0.0
MZT2B,1.791343,2.38169,0.0,0.0,0.0,1.77163,0.0,1.787605,0.0,0.0
DNAJB9,0.0,0.0,2.183826,0.0,0.0,0.0,0.0,0.0,0.0,0.0
COL6A1,0.0,0.0,0.0,0.0,0.0,0.0,0.0,0.0,0.0,0.0
TPM1,0.0,0.0,0.0,0.0,0.0,0.0,0.0,0.0,0.0,0.0
CYR61,0.0,0.0,0.0,0.0,0.0,0.0,1.90132525334375,0.0,0.0,0.0
HNRNPA2B1,2.77212,2.38169,0.0,2.347629,2.352779,0.0,2.516851,2.393362,2.647221,1.814621
HLA-DPA1,0.0,0.0,0.0,0.0,0.0,0.0,0.0,0.0,0.0,0.0
RPS27,4.83578600015592,4.99955911688022,4.71243668552254,3.65952663822434,4.46167769719488,4.81227164379723,4.39106877454146,3.92693612562344,4.19831066351299,4.42148696256733
IGFBP4,0.0,0.0,0.0,0.0,0.0,0.0,0.0,0.0,0.0,0.0
SH3BGRL3,2.77212009670986,0.0,2.18382640423796,2.72071018467945,2.35277882971183,1.77162979968438,0.0,2.39336217346739,2.02252417882334,0.0
JUND,1.791343,0.0,2.183826,0.0,0.0,0.0,0.0,2.393362,3.304301,1.814621
ARGLU1,1.791343,0.0,0.0,0.0,0.0,1.77163,2.895043,1.787605,2.022524,0.0
ATP5E,1.791343,3.416728,2.819021,1.74578,2.352779,2.749914,2.895043,2.393362,0.0,3.070607
AAK1,0.0,0.0,0.0,0.0,0.0,0.0,0.0,0.0,2.022524,0.0
YBX1,0.0,0.0,2.81902142480016,0.0,0.0,1.77162979968438,0.0,1.78760491402091,0.0,2.79827099360395
UBE2J1,0.0,0.0,0.0,0.0,0.0,0.0,0.0,0.0,0.0,0.0
MANF,0.0,0.0,0.0,0.0,0.0,0.0,0.0,0.0,2.022524,0.0
COX6A1,0.0,0.0,0.0,1.74578,0.0,1.77163,2.516851,0.0,2.022524,1.814621
HNMT,0.0,0.0,0.0,0.0,0.0,0.0,0.0,0.0,0.0,0.0
USMG5,0.0,0.0,2.183826,0.0,0.0,0.0,1.901325,0.0,0.0,0.0
YWHAB,1.791343,0.0,2.183826,0.0,0.0,1.77163,1.901325,1.787605,2.022524,0.0
RPL8,3.433503,0.0,2.183826,2.347629,2.352779,3.410573,2.895043,2.393362,0.0,2.798271
NUCKS1,0.0,0.0,2.18382640423796,0.0,0.0,0.0,1.90132525334375,1.78760491402091,0.0,1.8146205105463
RDX,0.0,0.0,0.0,0.0,0.0,0.0,0.0,0.0,0.0,0.0
COX6C,1.791343,2.38169,2.183826,1.74578,0.0,0.0,2.516851,2.393362,0.0,0.0
GUK1,1.79134292404771,0.0,0.0,1.74577992111071,0.0,1.77162979968438,0.0,0.0,2.02252417882334,1.8146205105463
LINC01480,0.0,0.0,0.0,0.0,0.0,0.0,0.0,0.0,0.0,0.0
CCNI,2.397441,2.38169,0.0,0.0,0.0,2.375915,0.0,1.787605,0.0,2.422809
A2M,0.0,0.0,0.0,0.0,0.0,0.0,0.0,0.0,0.0,0.0
DBI,2.397441,0.0,0.0,2.347629,2.352779,0.0,1.901325,2.767914,0.0,1.814621
PLAC9,0.0,0.0,0.0,0.0,0.0,0.0,0.0,0.0,0.0,0.0
ERH,1.791343,2.38169,2.819021,1.74578,2.997206,0.0,2.516851,2.393362,0.0,0.0
SPINT2,0.0,0.0,0.0,0.0,0.0,0.0,0.0,0.0,0.0,0.0
ST13,1.791343,0.0,0.0,1.74578,2.352779,0.0,1.901325,0.0,0.0,0.0
CORO1A,0.0,0.0,0.0,0.0,0.0,0.0,0.0,0.0,0.0,0.0
EMP3,0.0,0.0,0.0,0.0,0.0,0.0,2.516851,0.0,2.647221,1.814621
VAMP8,0.0,0.0,2.819021,2.347629,0.0,1.77163,1.901325,0.0,2.022524,1.814621
VAMP2,0.0,0.0,0.0,1.74578,0.0,0.0,0.0,2.767914,0.0,0.0
GAPDH,0.0,3.027539,0.0,1.74578,2.352779,2.375915,0.0,1.787605,0.0,2.422809
TPI1,0.0,0.0,0.0,1.74578,0.0,0.0,2.516851,1.787605,2.647221,2.422809
SEC11A,0.0,0.0,0.0,0.0,0.0,1.77163,0.0,0.0,0.0,1.814621
NDUFS5,0.0,3.02753929531507,0.0,1.74577992111071,3.66507310424284,0.0,1.90132525334375,0.0,2.02252417882334,0.0
EIF3L,0.0,0.0,0.0,0.0,0.0,0.0,0.0,0.0,0.0,0.0
HERPUD1,0.0,0.0,0.0,0.0,0.0,0.0,0.0,0.0,0.0,0.0
NFIB,0.0,0.0,0.0,0.0,0.0,0.0,0.0,0.0,0.0,0.0
CD9,2.397441,3.416728,3.204398,2.347629,4.061967,0.0,2.895043,1.787605,2.022524,3.070607
PRDM1,0.0,0.0,0.0,0.0,0.0,0.0,0.0,0.0,0.0,0.0
FN1,0.0,0.0,0.0,0.0,0.0,0.0,0.0,0.0,0.0,0.0
NDUFA1,1.791343,2.38169,2.819021,1.74578,0.0,0.0,1.901325,1.787605,0.0,0.0
RPS12,4.262187,4.376831,3.698857,4.135083,2.352779,3.689965,3.840701,3.823763,2.022524,3.284429
RHOH,0.0,0.0,0.0,1.74578,0.0,0.0,1.901325,1.787605,0.0,1.814621
RPL13,4.110382,3.914339,3.698857,3.970934,2.997206,3.908101,3.956094,4.184743,4.662666,4.052241
HCST,0.0,0.0,0.0,2.72071,2.352779,0.0,0.0,0.0,2.022524,0.0
MARCKS,0.0,0.0,0.0,0.0,0.0,0.0,0.0,0.0,0.0,0.0
BTF3,2.397441,3.027539,0.0,1.74578,0.0,1.77163,1.901325,0.0,2.022524,0.0
RPL30,3.257616,0.0,2.819021,2.347629,2.997206,2.749914,2.895043,3.039773,2.647221,3.460487
FOSB,1.791343,0.0,2.183826,2.991798,2.352779,3.410573,1.901325,1.787605,3.304301,1.814621
PEBP1,1.791343,0.0,0.0,0.0,0.0,2.375915,0.0,0.0,0.0,2.798271
TIMP3,1.791343,0.0,0.0,0.0,0.0,0.0,0.0,0.0,0.0,0.0
NDUFB1,1.791343,0.0,0.0,1.74578,0.0,0.0,1.901325,1.787605,0.0,2.422809
NNMT,0.0,0.0,0.0,0.0,0.0,0.0,0.0,0.0,0.0,0.0
GPX4,2.77212,2.38169,2.819021,2.347629,0.0,0.0,1.901325,1.787605,0.0,1.814621
SEPW1,0.0,0.0,0.0,0.0,0.0,0.0,0.0,0.0,0.0,0.0
KDELR2,1.791343,0.0,2.183826,0.0,0.0,1.77163,0.0,0.0,0.0,0.0
LSM5,0.0,0.0,2.183826,0.0,2.352779,0.0,0.0,0.0,0.0,1.814621
NFIC,0.0,0.0,0.0,0.0,0.0,1.77163,0.0,0.0,0.0,0.0
SBDS,0.0,0.0,0.0,2.347629,2.352779,0.0,0.0,0.0,0.0,0.0
EIF4A1,0.0,0.0,0.0,1.74578,0.0,0.0,0.0,0.0,2.022524,0.0
CD3D,0.0,0.0,0.0,0.0,0.0,0.0,0.0,0.0,0.0,0.0
SEPP1,0.0,0.0,0.0,0.0,0.0,0.0,0.0,0.0,0.0,0.0
SDCBP,2.77212,2.38169,0.0,1.74578,0.0,2.375915,0.0,2.767914,2.022524,1.814621
RTN4,0.0,0.0,2.183826,0.0,2.352779,2.375915,2.516851,1.787605,0.0,3.070607
RPLP2,4.110382,3.696171,2.819021,3.877508,0.0,3.410573,2.895043,3.253301,4.378126,3.070607
ITGA6,0.0,0.0,0.0,0.0,0.0,0.0,0.0,0.0,0.0,0.0
BTG1,0.0,2.38169,2.819021,1.74578,2.352779,1.77163,1.901325,1.787605,0.0,0.0
DDOST,0.0,0.0,0.0,0.0,0.0,0.0,0.0,0.0,0.0,0.0
COL3A1,0.0,0.0,0.0,0.0,0.0,0.0,0.0,0.0,0.0,0.0
IL2RG,0.0,0.0,2.183826,0.0,0.0,0.0,1.901325,0.0,0.0,0.0
SON,1.791343,0.0,2.183826,1.74578,0.0,2.375915,1.901325,1.787605,0.0,0.0
DPYSL2,0.0,0.0,0.0,0.0,0.0,0.0,0.0,0.0,0.0,0.0
NUPR1,0.0,0.0,0.0,0.0,0.0,0.0,0.0,0.0,0.0,0.0
IFI27,0.0,0.0,0.0,0.0,0.0,0.0,0.0,0.0,0.0,0.0
RARRES2,0.0,0.0,0.0,0.0,0.0,0.0,0.0,0.0,0.0,0.0
COX8A,1.791343,2.38169,0.0,0.0,0.0,1.77163,0.0,1.787605,0.0,1.814621
IER3,0.0,0.0,0.0,0.0,0.0,0.0,0.0,0.0,0.0,0.0
RPS15,3.044046,3.027539,3.204398,3.877508,3.385889,3.234834,3.710233,3.429161,3.028786,3.460487
C4orf3,1.791343,0.0,2.819021,0.0,0.0,1.77163,0.0,1.787605,0.0,2.422809
GPX1,2.397441,2.38169,0.0,1.74578,0.0,2.375915,2.895043,0.0,0.0,1.814621
PSMA7,0.0,0.0,0.0,0.0,2.352779,0.0,1.901325,0.0,0.0,2.422809
GABARAPL2,1.791343,3.416728,0.0,0.0,0.0,0.0,0.0,0.0,0.0,1.814621
RPSA,2.77212,3.416728,2.183826,2.347629,0.0,2.375915,1.901325,3.039773,2.022524,2.422809
GNG5,0.0,0.0,0.0,0.0,0.0,1.77162979968438,0.0,0.0,0.0,0.0
UQCR11,2.397441,0.0,3.204398,2.347629,0.0,0.0,2.516851,1.787605,0.0,1.814621
CD37,0.0,0.0,2.183826,1.74578,0.0,2.749914,0.0,0.0,0.0,0.0
CEBPD,0.0,0.0,0.0,0.0,0.0,0.0,0.0,0.0,0.0,0.0
ERGIC2,0.0,0.0,0.0,0.0,0.0,0.0,0.0,0.0,0.0,0.0
ATP5G3,0.0,2.38169,0.0,0.0,0.0,0.0,1.901325,0.0,0.0,0.0
MYADM,0.0,0.0,0.0,2.347629,0.0,0.0,0.0,0.0,0.0,0.0
ISG15,0.0,0.0,0.0,0.0,0.0,0.0,0.0,1.78760491402091,0.0,0.0
CALM1,1.791343,0.0,0.0,1.74578,2.352779,0.0,0.0,1.787605,0.0,2.798271
UBB,1.791343,0.0,3.877045,2.991798,0.0,1.77163,0.0,0.0,0.0,0.0
PTMA,3.828152,3.696171,4.639019,4.509507,4.461678,4.23882,4.238981,4.748646,4.662666,5.077054
ACAP1,0.0,0.0,0.0,0.0,0.0,0.0,0.0,0.0,0.0,0.0
PDK4,0.0,0.0,0.0,0.0,0.0,0.0,0.0,0.0,0.0,0.0
NDUFA11,2.397441,0.0,0.0,1.74578,0.0,0.0,1.901325,0.0,2.022524,0.0
TOMM7,1.791343,2.38169,2.819021,2.72071,2.352779,2.375915,2.516851,1.787605,2.022524,2.422809
PTGES3,0.0,0.0,0.0,0.0,0.0,0.0,1.901325,1.787605,0.0,1.814621
SOCS3,0.0,0.0,0.0,0.0,0.0,0.0,0.0,0.0,0.0,0.0
TCF4,0.0,0.0,0.0,0.0,0.0,0.0,0.0,0.0,0.0,0.0
HSD17B10,0.0,0.0,0.0,0.0,0.0,0.0,0.0,0.0,0.0,0.0
TAOK3,0.0,2.38169,0.0,1.74578,0.0,0.0,0.0,0.0,0.0,0.0
DUSP1,3.044046,3.027539,2.183826,2.347629,3.665073,2.375915,0.0,2.767914,3.520073,3.460487
MIF,0.0,0.0,2.819021,1.74578,2.352779,1.77163,0.0,0.0,2.022524,0.0
FCGRT,0.0,0.0,0.0,0.0,0.0,0.0,0.0,0.0,0.0,0.0
NDUFS6,0.0,0.0,0.0,0.0,2.352779,0.0,1.901325,0.0,0.0,0.0
RAN,0.0,2.38169,0.0,1.74578,0.0,0.0,0.0,0.0,0.0,0.0
MYH9,0.0,0.0,0.0,0.0,0.0,0.0,0.0,0.0,2.022524,0.0
FTL,3.931336,4.493217,4.028232,4.509507,2.997206,4.165821,3.956094,3.708706,3.848053,4.357749
CD52,2.77212009670986,3.02753929531507,3.20439800269304,2.99179833952829,2.99720597304345,2.37591538013376,2.89504318864994,0.0,3.52007271671715,1.8146205105463
MT-ND3,4.510365,3.416728,3.481882,3.204852,3.883083,4.486924,4.153279,3.926936,4.530482,3.460487
MT-ATP6,4.189162,4.597459,4.159535,3.774445,4.345336,3.410573,4.639627,4.020453,3.848053,3.958667
RPS26,1.791343,0.0,0.0,0.0,0.0,1.77163,1.901325,0.0,2.647221,1.814621
SNX3,0.0,0.0,2.183826,1.74578,2.352779,1.77163,0.0,1.787605,0.0,0.0
LGALS3BP,0.0,0.0,0.0,0.0,0.0,0.0,0.0,0.0,0.0,0.0
PMP22,0.0,0.0,0.0,0.0,0.0,0.0,0.0,0.0,0.0,0.0
SRSF5,0.0,0.0,2.183826,0.0,0.0,0.0,0.0,0.0,0.0,1.814621
SPTBN1,0.0,0.0,0.0,0.0,0.0,0.0,0.0,0.0,2.022524,0.0
ZFP36L1,0.0,0.0,0.0,0.0,0.0,0.0,0.0,0.0,2.647221,0.0
PERP,0.0,0.0,0.0,0.0,0.0,0.0,0.0,0.0,0.0,0.0
ALDOA,0.0,2.38169,2.183826,2.347629,2.352779,1.77163,1.901325,0.0,2.022524,0.0
RPL27,1.791343,3.416728,2.183826,2.72071,0.0,2.749914,2.516851,1.787605,0.0,3.284429
PRDX5,1.791343,0.0,0.0,1.74578,0.0,0.0,0.0,1.787605,0.0,1.814621
FSTL1,0.0,0.0,0.0,0.0,0.0,0.0,0.0,0.0,0.0,0.0
TBCA,1.791343,0.0,2.183826,0.0,2.352779,0.0,0.0,1.787605,0.0,0.0
TXNDC11,0.0,0.0,0.0,0.0,0.0,0.0,0.0,0.0,0.0,0.0
DNAJC1,0.0,0.0,0.0,0.0,0.0,1.77163,0.0,0.0,0.0,0.0
RPLP1,4.262187,4.093329,2.183826,4.056373,3.385889,3.908101,4.583036,3.926936,4.094618,3.460487
CHCHD2,2.397441,2.38169,0.0,0.0,2.352779,0.0,1.901325,0.0,3.028786,1.814621
NGFRAP1,0.0,0.0,0.0,0.0,0.0,0.0,0.0,0.0,0.0,0.0
ROMO1,0.0,2.38169,0.0,0.0,0.0,0.0,1.901325,0.0,0.0,0.0
RPL11,4.02486074422507,4.24509344790869,2.18382640423796,4.13508329878266,3.38588892208523,3.68996476051463,3.56015264156676,3.70870646897734,3.30430124543998,3.46048705402656
SAT1,3.433503,0.0,0.0,2.72071,2.352779,1.77163,2.895043,2.767914,0.0,1.814621
ARHGEF12,0.0,0.0,0.0,0.0,0.0,0.0,0.0,0.0,2.022524,0.0
CRIP2,0.0,0.0,0.0,0.0,0.0,0.0,0.0,0.0,0.0,0.0
EPAS1,1.791343,0.0,0.0,1.74578,0.0,0.0,1.901325,0.0,2.022524,1.814621
RPL3,3.433503,3.696171,2.819021,3.659527,2.352779,3.410573,3.168805,3.429161,2.022524,3.855425
ITGB7,0.0,0.0,0.0,0.0,0.0,0.0,0.0,0.0,0.0,0.0
IFITM2,0.0,0.0,0.0,2.72071,2.997206,2.375915,0.0,2.393362,2.022524,0.0
COMMD6,1.791343,0.0,0.0,0.0,0.0,2.375915,2.516851,1.787605,0.0,1.814621
LSM7,0.0,0.0,2.183826,1.74578,2.352779,2.375915,0.0,0.0,0.0,0.0
RPS27L,1.791343,0.0,2.819021,0.0,2.352779,1.77163,2.895043,0.0,2.022524,1.814621
LAMC1,0.0,0.0,0.0,0.0,0.0,0.0,0.0,0.0,0.0,0.0
SPATS2L,0.0,0.0,0.0,1.74578,0.0,1.77163,0.0,0.0,0.0,0.0
OPTN,0.0,0.0,2.183826,0.0,0.0,0.0,0.0,1.787605,0.0,0.0
SRSF3,1.791343,0.0,0.0,0.0,0.0,0.0,0.0,2.393362,0.0,0.0
PSMD8,0.0,0.0,0.0,0.0,0.0,0.0,2.516851,0.0,0.0,0.0
PRKCDBP,0.0,0.0,0.0,0.0,0.0,0.0,0.0,0.0,0.0,0.0
TCEAL4,0.0,0.0,2.183826,1.74578,0.0,0.0,0.0,1.787605,0.0,0.0
LIMA1,0.0,0.0,0.0,0.0,0.0,0.0,0.0,0.0,0.0,0.0
RPS27A,4.024861,4.093329,3.204398,3.774445,3.883083,3.804969,3.560153,3.57867,2.022524,3.61014
SOD1,1.791343,0.0,0.0,0.0,0.0,0.0,0.0,0.0,0.0,0.0
TRA2B,1.791343,2.38169,0.0,0.0,2.352779,0.0,1.901325,0.0,2.022524,1.814621
NAMPT,1.791343,0.0,0.0,0.0,0.0,0.0,0.0,0.0,0.0,0.0
RAB30-AS1,0.0,0.0,0.0,0.0,0.0,0.0,0.0,0.0,0.0,0.0
TARSL2,0.0,0.0,0.0,0.0,0.0,0.0,0.0,0.0,0.0,0.0
MT-ND5,3.257616,2.38169,2.819021,0.0,0.0,2.749914,0.0,1.787605,2.022524,2.798271
GNAS,0.0,0.0,2.183826,0.0,0.0,0.0,0.0,0.0,0.0,0.0
IER2,1.791343,2.38169,2.819021,0.0,2.352779,2.375915,1.901325,1.787605,2.022524,0.0
ITM2C,1.791343,0.0,0.0,0.0,0.0,0.0,0.0,0.0,0.0,0.0
SHFM1,1.791343,2.38169,2.183826,0.0,0.0,0.0,1.901325,2.393362,2.022524,2.422809
CD81,0.0,0.0,0.0,0.0,0.0,0.0,0.0,0.0,0.0,0.0
RBMS1,0.0,0.0,2.183826,0.0,0.0,0.0,0.0,1.787605,0.0,0.0
SLC25A3,0.0,0.0,2.183826,1.74578,0.0,0.0,0.0,0.0,2.647221,0.0
DST,0.0,0.0,0.0,0.0,0.0,0.0,0.0,0.0,0.0,1.814621
C1R,0.0,0.0,0.0,0.0,0.0,0.0,0.0,0.0,0.0,0.0
TRAC,0.0,0.0,0.0,0.0,0.0,0.0,0.0,0.0,0.0,0.0
CFD,0.0,0.0,0.0,0.0,0.0,0.0,0.0,0.0,0.0,0.0
VMP1,3.257616,0.0,2.183826,2.347629,0.0,2.749914,3.383502,0.0,2.647221,2.422809
KLF4,1.791343,0.0,0.0,0.0,2.352779,0.0,2.895043,0.0,0.0,0.0
PNRC1,0.0,0.0,0.0,0.0,0.0,1.77163,0.0,1.787605,2.022524,0.0
LEPROT,0.0,0.0,0.0,0.0,0.0,0.0,0.0,0.0,0.0,0.0
EIF3K,0.0,2.38169,0.0,0.0,2.352779,0.0,0.0,1.787605,0.0,0.0
CUTA,1.791343,0.0,2.183826,1.74578,0.0,0.0,1.901325,1.787605,0.0,0.0
CSTB,0.0,0.0,0.0,0.0,0.0,1.77163,1.901325,0.0,0.0,0.0
SMARCB1,0.0,0.0,0.0,0.0,0.0,0.0,0.0,0.0,0.0,0.0
PHLDA1,0.0,0.0,0.0,0.0,0.0,0.0,0.0,0.0,2.022524,0.0
TCEB1,0.0,0.0,0.0,0.0,2.352779,0.0,1.901325,0.0,0.0,0.0
CTSD,0.0,0.0,2.183826,1.74578,0.0,0.0,2.895043,2.767914,2.647221,0.0
RPS14,3.828152,2.38169,2.183826,3.204852,2.997206,3.559995,3.383502,3.253301,2.022524,3.61014
ATRAID,2.397441,0.0,0.0,0.0,0.0,1.77163,0.0,0.0,0.0,0.0
LGALS3,0.0,0.0,0.0,0.0,0.0,1.77163,0.0,0.0,0.0,0.0
GNG11,0.0,0.0,0.0,0.0,0.0,0.0,0.0,0.0,0.0,0.0
LMAN2,0.0,0.0,0.0,0.0,0.0,0.0,1.901325,0.0,0.0,1.814621
EIF4G2,0.0,0.0,2.183826,0.0,0.0,2.375915,0.0,0.0,2.022524,0.0
LAGE3,0.0,0.0,2.183826,0.0,0.0,0.0,0.0,0.0,0.0,0.0
MT-ND4,4.709035,3.914339,4.159535,3.774445,3.883083,4.165821,4.792396,4.449418,4.292254,3.740285
TMBIM6,0.0,0.0,0.0,0.0,2.352779,1.77163,0.0,0.0,0.0,1.814621
REEP5,0.0,0.0,0.0,0.0,0.0,0.0,0.0,0.0,0.0,1.814621
PRELID1,0.0,0.0,0.0,1.74578,0.0,0.0,1.901325,0.0,0.0,0.0
CAPZA2,1.791343,0.0,0.0,0.0,2.352779,1.77163,0.0,0.0,0.0,1.814621
TAGLN,0.0,0.0,0.0,0.0,0.0,0.0,0.0,0.0,0.0,0.0
APLP2,0.0,0.0,0.0,1.74578,0.0,0.0,0.0,0.0,0.0,0.0
VPS37B,0.0,0.0,0.0,1.74578,0.0,0.0,0.0,0.0,0.0,0.0
HLA-DQB1,0.0,0.0,0.0,0.0,0.0,0.0,0.0,0.0,0.0,0.0
C1orf54,1.79134292404771,0.0,0.0,0.0,0.0,0.0,0.0,0.0,0.0,0.0
NPM1,1.791343,2.38169,2.183826,2.347629,0.0,0.0,0.0,1.787605,2.022524,0.0
UQCRB,0.0,0.0,2.183826,0.0,0.0,0.0,0.0,0.0,2.647221,0.0
CALR,0.0,0.0,0.0,1.74578,0.0,0.0,0.0,0.0,0.0,0.0
SERPINF1,0.0,0.0,0.0,0.0,0.0,0.0,0.0,0.0,0.0,0.0
NR2F2,0.0,0.0,0.0,0.0,0.0,0.0,0.0,0.0,0.0,0.0
UQCRFS1,0.0,2.38169,3.204398,0.0,0.0,0.0,0.0,0.0,0.0,0.0
CDC42,0.0,2.38169038092219,0.0,2.34762900467216,0.0,1.77162979968438,0.0,0.0,2.64722064025442,0.0
CTSS,0.0,0.0,0.0,0.0,0.0,0.0,0.0,0.0,0.0,0.0
MT-ND4L,2.77212,0.0,0.0,1.74578,0.0,1.77163,0.0,1.787605,2.022524,1.814621
TNFRSF13B,0.0,0.0,0.0,0.0,0.0,0.0,0.0,0.0,0.0,0.0
ENO1,0.0,0.0,0.0,0.0,0.0,2.37591538013376,1.90132525334375,0.0,0.0,1.8146205105463
RPS16,3.044046,0.0,2.183826,3.659527,0.0,2.375915,3.383502,2.393362,2.022524,1.814621
SAMSN1,0.0,2.38169,3.204398,2.991798,2.997206,1.77163,3.168805,3.57867,2.647221,0.0
SPCS3,0.0,2.38169,0.0,0.0,0.0,0.0,0.0,1.787605,0.0,1.814621
EVI2A,0.0,0.0,0.0,1.74578,0.0,2.749914,0.0,0.0,0.0,0.0
ATP5O,1.791343,0.0,0.0,0.0,0.0,1.77163,0.0,0.0,0.0,0.0
PHPT1,0.0,0.0,0.0,0.0,2.352779,0.0,1.901325,1.787605,0.0,0.0
DRAP1,1.791343,0.0,0.0,1.74578,0.0,0.0,1.901325,0.0,0.0,1.814621
MT-ND1,3.931336,3.914339,2.183826,2.347629,2.352779,3.559995,3.383502,2.393362,3.304301,2.422809
PRDX1,2.39744085126915,0.0,2.18382640423796,2.34762900467216,0.0,2.37591538013376,2.51685108634779,1.78760491402091,0.0,1.8146205105463
PKP4,0.0,0.0,0.0,0.0,0.0,0.0,0.0,0.0,0.0,0.0
ARF1,0.0,0.0,0.0,0.0,2.35277882971183,0.0,0.0,0.0,0.0,1.8146205105463
TGFB1I1,0.0,0.0,0.0,0.0,0.0,0.0,0.0,0.0,0.0,0.0
ATP6V0B,0.0,0.0,0.0,0.0,0.0,1.77162979968438,0.0,1.78760491402091,0.0,0.0
SPTAN1,0.0,0.0,0.0,0.0,0.0,0.0,0.0,0.0,0.0,0.0
PECAM1,0.0,0.0,0.0,0.0,0.0,0.0,0.0,0.0,0.0,0.0
RPL19,4.024861,3.696171,2.183826,3.529666,3.665073,3.234834,1.901325,3.039773,3.028786,3.070607
MRPL33,0.0,0.0,2.183826,0.0,0.0,1.77163,0.0,1.787605,0.0,1.814621
KRT18,0.0,0.0,0.0,0.0,0.0,0.0,0.0,1.787605,0.0,0.0
CXCL2,0.0,0.0,0.0,0.0,2.352779,0.0,0.0,2.767914,0.0,0.0
HLA-E,1.791343,0.0,0.0,0.0,0.0,1.77163,0.0,0.0,2.022524,0.0
TPM2,0.0,0.0,0.0,0.0,0.0,0.0,0.0,0.0,0.0,0.0
IL6ST,0.0,0.0,0.0,0.0,0.0,0.0,0.0,0.0,0.0,0.0
PLPP1,0.0,0.0,2.819021,0.0,0.0,0.0,0.0,2.393362,0.0,0.0
CD55,0.0,0.0,2.18382640423796,0.0,0.0,0.0,0.0,0.0,0.0,0.0
DEK,0.0,0.0,0.0,0.0,0.0,0.0,0.0,1.787605,0.0,0.0
FIS1,1.791343,0.0,0.0,0.0,2.997206,0.0,0.0,1.787605,2.022524,0.0
HSPD1,0.0,0.0,0.0,0.0,0.0,0.0,0.0,0.0,0.0,0.0
ERGIC3,1.791343,0.0,0.0,0.0,0.0,1.77163,0.0,0.0,0.0,0.0
BRK1,0.0,0.0,2.819021,0.0,0.0,0.0,1.901325,1.787605,0.0,0.0
ZBTB16,0.0,0.0,0.0,0.0,0.0,0.0,0.0,0.0,0.0,0.0
PIM2,0.0,0.0,0.0,1.74578,0.0,0.0,0.0,0.0,0.0,0.0
RNASE1,0.0,0.0,0.0,0.0,0.0,0.0,0.0,0.0,0.0,0.0
C14orf2,1.791343,3.027539,2.819021,2.72071,2.997206,2.749914,2.516851,0.0,0.0,1.814621
OSTC,0.0,2.38169,0.0,0.0,0.0,1.77163,0.0,0.0,0.0,0.0
ATP5J2,0.0,0.0,2.183826,0.0,0.0,1.77163,1.901325,1.787605,2.647221,0.0
PNISR,2.397441,0.0,2.183826,1.74578,0.0,2.375915,0.0,2.393362,0.0,1.814621
PDCD4,0.0,0.0,0.0,0.0,0.0,0.0,0.0,0.0,0.0,0.0
VAMP5,0.0,0.0,0.0,0.0,0.0,0.0,0.0,0.0,0.0,0.0
RTFDC1,0.0,0.0,0.0,0.0,0.0,0.0,1.901325,1.787605,0.0,1.814621
NDUFB8,0.0,0.0,0.0,0.0,0.0,0.0,0.0,0.0,0.0,0.0
CAV1,0.0,0.0,0.0,0.0,0.0,0.0,0.0,0.0,0.0,0.0
KANSL1,0.0,0.0,0.0,0.0,0.0,0.0,0.0,0.0,0.0,1.814621
PSMB7,0.0,0.0,0.0,1.74578,0.0,0.0,0.0,0.0,0.0,0.0
ST6GAL1,0.0,0.0,0.0,0.0,0.0,0.0,0.0,0.0,0.0,0.0
MRPS10,0.0,0.0,0.0,0.0,0.0,0.0,0.0,0.0,0.0,0.0
MT1X,0.0,0.0,0.0,0.0,0.0,1.77163,0.0,1.787605,0.0,0.0
SOD2,0.0,0.0,0.0,0.0,0.0,0.0,0.0,0.0,0.0,0.0
LSP1,0.0,0.0,0.0,0.0,0.0,0.0,0.0,0.0,0.0,0.0
CTSL,1.791343,0.0,0.0,0.0,0.0,0.0,0.0,0.0,0.0,0.0
SLC25A5,0.0,0.0,0.0,0.0,0.0,0.0,0.0,1.787605,0.0,1.814621
TAGLN2,0.0,0.0,0.0,1.74577992111071,2.35277882971183,0.0,0.0,0.0,0.0,0.0
PSMB8,0.0,0.0,0.0,0.0,0.0,0.0,0.0,0.0,2.022524,0.0
COL1A1,0.0,0.0,0.0,0.0,0.0,0.0,1.901325,0.0,0.0,0.0
PPP1CC,0.0,0.0,2.183826,0.0,2.352779,1.77163,0.0,2.767914,0.0,0.0
ATP1B3,0.0,0.0,0.0,0.0,0.0,0.0,0.0,0.0,0.0,0.0
H2AFJ,0.0,0.0,0.0,0.0,0.0,0.0,0.0,0.0,0.0,1.814621
AHNAK,1.791343,0.0,0.0,1.74578,0.0,0.0,0.0,0.0,2.022524,0.0
DLC1,0.0,0.0,0.0,0.0,0.0,0.0,0.0,0.0,0.0,0.0
ZC3H13,0.0,0.0,0.0,0.0,2.352779,0.0,1.901325,0.0,0.0,0.0
RNU12,0.0,0.0,0.0,0.0,0.0,0.0,0.0,0.0,0.0,0.0
ZNF706,0.0,0.0,0.0,0.0,0.0,1.77163,0.0,0.0,0.0,1.814621
RPS24,3.931336,3.027539,3.204398,3.204852,3.385889,3.559995,2.895043,2.767914,3.304301,3.460487
GLCCI1,0.0,0.0,0.0,0.0,0.0,0.0,0.0,0.0,0.0,0.0
BST2,0.0,0.0,0.0,1.74578,0.0,0.0,0.0,1.787605,0.0,0.0
PRSS23,0.0,0.0,0.0,0.0,0.0,0.0,0.0,0.0,0.0,0.0
C19orf70,0.0,0.0,0.0,0.0,0.0,0.0,1.901325,0.0,0.0,0.0
EEF1B2,2.397441,0.0,2.183826,2.347629,0.0,2.375915,0.0,0.0,0.0,1.814621
TSTD1,0.0,0.0,0.0,1.74577992111071,0.0,0.0,0.0,0.0,0.0,0.0
CCDC57,0.0,2.38169,0.0,0.0,0.0,0.0,0.0,0.0,0.0,0.0
HNRNPK,0.0,0.0,2.183826,1.74578,2.352779,0.0,1.901325,0.0,0.0,1.814621
PYURF,0.0,0.0,0.0,0.0,2.352779,0.0,0.0,0.0,0.0,1.814621
COMMD3,1.791343,0.0,0.0,0.0,0.0,1.77163,0.0,0.0,0.0,0.0
LDHA,2.397441,0.0,2.183826,1.74578,0.0,0.0,1.901325,0.0,0.0,1.814621
GTF2I,0.0,0.0,0.0,0.0,0.0,2.375915,1.901325,0.0,0.0,0.0
DNAJC3,0.0,0.0,0.0,2.347629,2.352779,0.0,0.0,0.0,0.0,0.0
RABAC1,0.0,0.0,0.0,0.0,0.0,0.0,0.0,0.0,0.0,0.0
SLIRP,0.0,2.38169,0.0,0.0,0.0,0.0,0.0,0.0,0.0,0.0
COPZ1,0.0,0.0,0.0,0.0,0.0,0.0,2.516851,0.0,0.0,0.0
CSRP1,0.0,0.0,0.0,0.0,0.0,1.77162979968438,0.0,0.0,0.0,0.0
RPL37A,3.583033,3.696171,2.819021,3.529666,3.385889,3.410573,3.383502,3.039773,3.848053,3.740285
STK17B,0.0,0.0,2.183826,0.0,2.352779,1.77163,0.0,0.0,0.0,1.814621
NAP1L1,2.397441,0.0,0.0,1.74578,0.0,1.77163,2.516851,1.787605,3.028786,3.460487
TNXB,0.0,0.0,0.0,0.0,0.0,0.0,0.0,0.0,0.0,0.0
ATP2C1,0.0,0.0,0.0,0.0,0.0,0.0,0.0,0.0,0.0,0.0
CPQ,0.0,0.0,0.0,0.0,0.0,0.0,0.0,0.0,0.0,1.814621
COX17,0.0,2.38169,2.183826,1.74578,0.0,0.0,1.901325,1.787605,0.0,1.814621
CANX,1.791343,0.0,0.0,0.0,2.352779,0.0,1.901325,0.0,2.022524,0.0
RTF1,0.0,0.0,0.0,0.0,0.0,1.77163,1.901325,0.0,0.0,0.0
SERINC5,0.0,0.0,0.0,0.0,0.0,0.0,0.0,0.0,0.0,0.0
PTMS,0.0,0.0,0.0,0.0,0.0,0.0,0.0,0.0,0.0,0.0
TXNDC15,0.0,0.0,0.0,0.0,0.0,0.0,0.0,0.0,0.0,0.0
UQCR10,0.0,0.0,2.183826,0.0,0.0,0.0,0.0,1.787605,0.0,0.0
TRMT112,0.0,3.027539,0.0,1.74578,0.0,0.0,0.0,0.0,0.0,0.0
POLR2K,0.0,0.0,2.183826,1.74578,0.0,0.0,1.901325,0.0,0.0,0.0
PSMB9,0.0,0.0,0.0,0.0,0.0,0.0,0.0,0.0,0.0,0.0
B2M,4.33024,3.696171,4.379551,4.654609,4.461678,4.540399,4.317913,3.823763,3.028786,4.137802
LSM1,0.0,0.0,0.0,0.0,0.0,0.0,0.0,0.0,0.0,0.0
RPL37,3.257616,0.0,3.204398,3.204852,2.352779,3.804969,2.895043,2.767914,3.848053,3.070607
CD2,0.0,0.0,0.0,0.0,0.0,0.0,0.0,0.0,0.0,0.0
VAPA,0.0,0.0,0.0,1.74578,0.0,0.0,1.901325,1.787605,0.0,0.0
ARID5B,0.0,0.0,0.0,0.0,0.0,0.0,0.0,0.0,0.0,0.0
PPA1,0.0,0.0,0.0,0.0,0.0,0.0,0.0,0.0,0.0,0.0
PDLIM1,0.0,0.0,0.0,0.0,0.0,0.0,0.0,0.0,0.0,0.0
HLA-DQA1,0.0,0.0,0.0,0.0,0.0,0.0,0.0,0.0,0.0,0.0
MFGE8,0.0,0.0,0.0,0.0,0.0,0.0,0.0,0.0,0.0,0.0
HLA-DRA,0.0,0.0,0.0,0.0,0.0,0.0,0.0,0.0,0.0,0.0
SEPT1,0.0,0.0,0.0,0.0,0.0,0.0,0.0,0.0,0.0,0.0
APRT,0.0,0.0,0.0,0.0,0.0,0.0,0.0,0.0,0.0,0.0
COX7A1,0.0,0.0,0.0,0.0,2.352779,0.0,0.0,0.0,0.0,0.0
PCBP1,1.791343,0.0,0.0,0.0,2.352779,0.0,0.0,0.0,0.0,0.0
DPT,0.0,0.0,0.0,0.0,0.0,0.0,0.0,0.0,0.0,0.0
ATPIF1,1.79134292404771,0.0,0.0,0.0,0.0,0.0,0.0,1.78760491402091,0.0,0.0
NRP1,0.0,2.38169,0.0,0.0,0.0,0.0,0.0,0.0,0.0,0.0
ATP5A1,0.0,0.0,0.0,0.0,2.352779,0.0,0.0,1.787605,0.0,0.0
TXNIP,1.79134292404771,3.02753929531507,0.0,2.99179833952829,2.99720597304345,2.37591538013376,0.0,1.78760491402091,2.02252417882334,1.8146205105463
LY96,0.0,0.0,0.0,0.0,0.0,0.0,0.0,0.0,0.0,0.0
TACC1,0.0,2.38169,0.0,0.0,0.0,1.77163,0.0,0.0,2.022524,1.814621
HSPA8,0.0,0.0,0.0,1.74578,0.0,0.0,0.0,0.0,0.0,0.0
BMPR2,0.0,0.0,0.0,0.0,0.0,0.0,0.0,0.0,0.0,0.0
LPP,0.0,0.0,0.0,0.0,0.0,1.77163,0.0,0.0,0.0,0.0
ZNF397,0.0,0.0,0.0,0.0,0.0,0.0,0.0,0.0,0.0,0.0
FXYD1,0.0,0.0,0.0,0.0,0.0,0.0,0.0,0.0,0.0,0.0
ATP6V1E1,0.0,0.0,2.183826,0.0,2.352779,0.0,0.0,0.0,0.0,0.0
ATOX1,1.791343,0.0,0.0,0.0,0.0,0.0,0.0,0.0,0.0,0.0
PLPP3,0.0,0.0,0.0,0.0,0.0,0.0,0.0,0.0,0.0,0.0
ATP6V0E1,1.791343,0.0,0.0,2.991798,0.0,1.77163,1.901325,1.787605,0.0,0.0
KLF2,0.0,0.0,0.0,0.0,0.0,0.0,0.0,0.0,0.0,0.0
IRF8,0.0,0.0,0.0,0.0,0.0,0.0,0.0,0.0,0.0,0.0
RPL23,3.044046,3.416728,3.204398,3.877508,2.997206,2.375915,2.895043,2.767914,3.520073,3.460487
SAP18,0.0,2.38169,0.0,0.0,0.0,1.77163,0.0,0.0,0.0,0.0
EIF1,3.433503,2.38169,2.183826,1.74578,2.997206,2.375915,1.901325,1.787605,2.022524,2.798271
EPS8,0.0,0.0,0.0,0.0,0.0,0.0,0.0,0.0,0.0,0.0
RAB2A,0.0,0.0,0.0,1.74578,0.0,0.0,0.0,2.393362,2.022524,1.814621
SAMHD1,0.0,0.0,0.0,0.0,0.0,0.0,0.0,0.0,0.0,0.0
TIMP2,0.0,0.0,0.0,0.0,0.0,0.0,0.0,0.0,0.0,0.0
INPP5D,0.0,0.0,0.0,0.0,0.0,0.0,0.0,0.0,0.0,0.0
SEPT7,0.0,0.0,0.0,1.74578,0.0,0.0,0.0,0.0,0.0,2.422809
NAPA,0.0,0.0,0.0,0.0,0.0,1.77163,0.0,0.0,0.0,0.0
COPS8,0.0,0.0,0.0,0.0,0.0,0.0,0.0,0.0,0.0,0.0
SOX4,1.791343,0.0,0.0,0.0,0.0,3.559995,0.0,1.787605,0.0,0.0
TAF12,0.0,2.38169038092219,0.0,0.0,0.0,0.0,0.0,0.0,0.0,0.0
EMP1,0.0,0.0,0.0,0.0,0.0,0.0,0.0,0.0,0.0,0.0
RPL7,3.433503,4.093329,3.481882,3.204852,0.0,3.410573,3.710233,3.926936,0.0,3.070607
VPS28,1.791343,0.0,2.183826,0.0,0.0,0.0,0.0,0.0,0.0,0.0
CPNE3,0.0,0.0,0.0,0.0,0.0,0.0,0.0,0.0,0.0,0.0
LINC00493,0.0,0.0,0.0,0.0,0.0,0.0,0.0,0.0,2.022524,1.814621
COL18A1,0.0,0.0,0.0,0.0,0.0,0.0,0.0,0.0,0.0,0.0
RPL32,4.510365,3.914339,2.819021,3.877508,3.665073,4.165821,4.317913,4.184743,4.457203,3.070607
FABP5,0.0,0.0,0.0,0.0,0.0,0.0,0.0,0.0,0.0,0.0
DYNLT1,0.0,0.0,2.183826,0.0,0.0,0.0,1.901325,0.0,0.0,0.0
STAT3,0.0,0.0,0.0,0.0,0.0,0.0,0.0,1.787605,0.0,0.0
ARPC2,2.397441,2.38169,0.0,0.0,2.352779,1.77163,2.895043,2.393362,0.0,1.814621
EEF1A1,4.393955,3.696171,3.698857,2.72071,4.061967,3.234834,3.168805,3.823763,4.094618,4.481404
PARK7,1.79134292404771,0.0,0.0,0.0,0.0,1.77162979968438,0.0,0.0,0.0,0.0
FILIP1L,0.0,0.0,0.0,0.0,0.0,0.0,0.0,0.0,0.0,0.0
GLUL,0.0,2.38169038092219,2.18382640423796,2.99179833952829,0.0,2.7499141123751,2.89504318864994,2.39336217346739,3.02878647179161,3.61013985386154
SEL1L3,0.0,0.0,0.0,0.0,0.0,0.0,0.0,0.0,0.0,0.0
TGFBR2,0.0,2.38169,0.0,0.0,0.0,0.0,0.0,0.0,0.0,0.0
NFE2L1,0.0,0.0,0.0,0.0,0.0,0.0,0.0,0.0,2.022524,0.0
HLA-C,0.0,0.0,0.0,1.74578,0.0,2.375915,0.0,0.0,0.0,0.0
C9orf16,1.791343,0.0,2.183826,2.72071,0.0,0.0,0.0,0.0,2.022524,1.814621
NEMF,0.0,0.0,0.0,0.0,2.352779,0.0,0.0,0.0,0.0,0.0
PFDN5,1.791343,2.38169,0.0,1.74578,2.352779,2.375915,2.516851,1.787605,0.0,1.814621
ENY2,0.0,0.0,0.0,0.0,0.0,0.0,0.0,0.0,0.0,0.0
COX7C,2.397441,0.0,2.819021,2.347629,2.352779,2.749914,1.901325,1.787605,2.647221,0.0
ALOX5AP,2.77212,0.0,3.204398,3.204852,2.352779,3.234834,3.168805,2.767914,2.022524,3.61014
RPL22L1,0.0,0.0,0.0,1.74578,0.0,0.0,0.0,0.0,0.0,0.0
NDUFB2,0.0,3.027539,0.0,0.0,0.0,1.77163,0.0,0.0,0.0,1.814621
SCP2,0.0,0.0,0.0,0.0,0.0,0.0,0.0,0.0,0.0,0.0
ALG5,1.791343,0.0,0.0,0.0,0.0,1.77163,0.0,0.0,0.0,0.0
ARL2,0.0,0.0,0.0,0.0,0.0,0.0,0.0,0.0,0.0,0.0
PLPP5,0.0,0.0,0.0,0.0,0.0,0.0,0.0,0.0,0.0,0.0
MAP1LC3B,0.0,0.0,0.0,1.74578,0.0,0.0,0.0,0.0,2.022524,1.814621
CDC42BPA,0.0,0.0,0.0,0.0,0.0,0.0,0.0,0.0,0.0,0.0
EIF2S2,2.397441,3.027539,0.0,0.0,0.0,0.0,0.0,1.787605,0.0,0.0
HNRNPAB,1.791343,0.0,0.0,0.0,0.0,0.0,0.0,0.0,2.022524,0.0
RAP1A,1.79134292404771,0.0,0.0,1.74577992111071,0.0,0.0,0.0,0.0,0.0,0.0
YWHAZ,0.0,0.0,0.0,2.72071,0.0,0.0,1.901325,0.0,0.0,0.0
H3F3B,3.257616,3.027539,4.159535,4.135083,3.883083,0.0,3.383502,4.389523,4.198311,3.958667
RHOC,0.0,0.0,0.0,1.74577992111071,0.0,0.0,0.0,0.0,0.0,0.0
SERBP1,0.0,2.38169038092219,0.0,1.74577992111071,0.0,0.0,0.0,0.0,0.0,1.8146205105463
ATP5J,0.0,0.0,0.0,0.0,2.352779,2.375915,0.0,0.0,0.0,0.0
NDFIP1,1.791343,0.0,2.183826,0.0,0.0,1.77163,0.0,1.787605,2.022524,2.422809
NID1,0.0,0.0,0.0,0.0,0.0,0.0,0.0,0.0,0.0,0.0
PLOD2,0.0,0.0,0.0,0.0,0.0,0.0,0.0,0.0,0.0,0.0
RHEB,0.0,0.0,0.0,0.0,0.0,0.0,0.0,2.393362,0.0,0.0
COX7B,0.0,2.38169,0.0,0.0,0.0,0.0,0.0,0.0,2.022524,1.814621
HNRNPU,0.0,2.38169,0.0,0.0,0.0,1.77163,1.901325,0.0,0.0,0.0
NDUFC2,0.0,0.0,0.0,0.0,0.0,0.0,0.0,0.0,0.0,2.422809
PHGR1,0.0,0.0,0.0,0.0,0.0,0.0,0.0,0.0,0.0,0.0
MAP1B,0.0,0.0,0.0,0.0,0.0,0.0,0.0,0.0,0.0,0.0
JMJD1C,0.0,0.0,0.0,0.0,0.0,0.0,1.901325,0.0,0.0,0.0
STOM,0.0,0.0,2.183826,0.0,0.0,0.0,0.0,0.0,0.0,0.0
PRMT2,0.0,0.0,0.0,1.74578,0.0,0.0,0.0,0.0,0.0,0.0
GPSM3,0.0,0.0,0.0,0.0,0.0,0.0,0.0,0.0,0.0,0.0
HLA-B,0.0,0.0,2.183826,0.0,0.0,2.375915,0.0,0.0,2.022524,1.814621
STK4,0.0,0.0,0.0,2.347629,2.352779,0.0,1.901325,0.0,3.304301,1.814621
TNRC6B,0.0,0.0,2.819021,0.0,0.0,0.0,0.0,0.0,0.0,0.0
EIF5,2.397441,0.0,0.0,0.0,0.0,0.0,0.0,0.0,0.0,2.422809
MRPL57,0.0,0.0,0.0,0.0,0.0,0.0,0.0,0.0,0.0,0.0
STX5,0.0,0.0,0.0,0.0,0.0,0.0,0.0,0.0,0.0,0.0
ESD,2.397441,0.0,2.183826,0.0,2.352779,1.77163,1.901325,1.787605,0.0,1.814621
MINOS1,0.0,0.0,0.0,1.74577992111071,0.0,0.0,0.0,1.78760491402091,0.0,0.0
NCKAP1,0.0,0.0,0.0,0.0,0.0,0.0,0.0,0.0,0.0,0.0
GYG1,0.0,0.0,0.0,0.0,0.0,0.0,0.0,0.0,0.0,0.0
RPL23A,3.713084,3.416728,0.0,1.74578,2.352779,2.375915,2.516851,3.039773,0.0,2.422809
TCEAL8,0.0,0.0,0.0,0.0,0.0,1.77163,0.0,2.393362,0.0,0.0
SMDT1,1.791343,0.0,2.183826,1.74578,0.0,1.77163,0.0,1.787605,0.0,0.0
UBE2I,0.0,2.38169,0.0,0.0,0.0,2.375915,1.901325,0.0,0.0,0.0
CRTAP,1.791343,0.0,0.0,0.0,0.0,0.0,0.0,0.0,0.0,1.814621
ATP5D,0.0,0.0,0.0,1.74578,0.0,0.0,1.901325,0.0,0.0,0.0
TOMM20,0.0,0.0,2.18382640423796,0.0,0.0,0.0,0.0,0.0,0.0,0.0
GIMAP4,0.0,0.0,0.0,0.0,0.0,0.0,0.0,0.0,0.0,0.0
ARHGAP29,0.0,0.0,0.0,0.0,0.0,0.0,0.0,0.0,0.0,0.0
CLIC1,2.397441,2.38169,2.183826,2.347629,2.352779,1.77163,2.516851,2.393362,2.022524,1.814621
ERP29,1.791343,0.0,0.0,0.0,2.352779,2.375915,0.0,0.0,0.0,0.0
TCF25,0.0,0.0,2.183826,0.0,2.352779,0.0,0.0,1.787605,2.022524,0.0
C17orf62,0.0,0.0,0.0,0.0,0.0,0.0,0.0,0.0,0.0,0.0
SUMO1,0.0,3.027539,2.183826,1.74578,0.0,0.0,0.0,1.787605,0.0,0.0
AKAP13,1.791343,2.38169,0.0,1.74578,2.352779,0.0,0.0,1.787605,0.0,0.0
NDUFB9,1.791343,0.0,0.0,0.0,0.0,2.375915,0.0,0.0,0.0,0.0
TRIM33,0.0,0.0,0.0,0.0,0.0,0.0,0.0,0.0,0.0,1.8146205105463
TMEM176A,0.0,0.0,0.0,0.0,0.0,2.375915,0.0,0.0,0.0,1.814621
HMGN1,2.77212,0.0,0.0,2.72071,0.0,2.375915,2.516851,1.787605,0.0,0.0
GPR160,0.0,0.0,0.0,0.0,0.0,0.0,0.0,0.0,0.0,0.0
NDRG1,0.0,0.0,0.0,0.0,0.0,0.0,0.0,0.0,0.0,0.0
SSR3,0.0,0.0,0.0,0.0,0.0,0.0,0.0,0.0,0.0,1.814621
IGHM,0.0,0.0,0.0,0.0,0.0,0.0,0.0,0.0,0.0,0.0
LAMTOR5,0.0,2.38169038092219,2.18382640423796,1.74577992111071,0.0,0.0,0.0,0.0,0.0,1.8146205105463
BSG,0.0,0.0,0.0,0.0,0.0,0.0,0.0,0.0,0.0,0.0
HADHA,2.397441,0.0,2.183826,0.0,0.0,0.0,0.0,0.0,0.0,0.0
CNIH1,1.791343,0.0,0.0,1.74578,2.352779,2.375915,0.0,0.0,0.0,1.814621
SEPT10,0.0,0.0,0.0,0.0,0.0,0.0,0.0,0.0,0.0,0.0
ATP5C1,1.791343,0.0,0.0,0.0,0.0,1.77163,0.0,0.0,0.0,0.0
KRT10,0.0,0.0,0.0,0.0,0.0,0.0,0.0,0.0,2.022524,0.0
CTNND1,0.0,0.0,0.0,0.0,0.0,0.0,0.0,0.0,0.0,0.0
WDR60,0.0,0.0,0.0,0.0,0.0,0.0,0.0,0.0,0.0,0.0
RPS29,3.257616,4.245093,2.183826,3.529666,4.061967,4.486924,3.956094,3.429161,3.304301,4.052241
PPP1R10,0.0,0.0,0.0,0.0,0.0,0.0,0.0,0.0,0.0,0.0
HNRNPA0,0.0,0.0,0.0,0.0,0.0,0.0,0.0,1.787605,0.0,0.0
NFE2L2,0.0,0.0,0.0,0.0,0.0,0.0,0.0,0.0,0.0,0.0
TERF2IP,0.0,0.0,0.0,1.74578,0.0,0.0,0.0,1.787605,0.0,0.0
POU2F2,0.0,0.0,0.0,0.0,0.0,0.0,0.0,0.0,0.0,0.0
CLTA,0.0,0.0,2.183826,0.0,0.0,0.0,0.0,0.0,0.0,1.814621
FLNA,0.0,0.0,0.0,0.0,0.0,0.0,0.0,0.0,0.0,0.0
FBLN1,0.0,0.0,0.0,0.0,0.0,0.0,0.0,0.0,0.0,0.0
HSPE1,0.0,0.0,0.0,0.0,2.352779,0.0,0.0,0.0,0.0,0.0
IDH2,0.0,0.0,0.0,0.0,0.0,0.0,0.0,0.0,0.0,0.0
SDHB,0.0,0.0,0.0,0.0,0.0,0.0,0.0,0.0,0.0,0.0
ARL6IP4,2.397441,2.38169,0.0,2.347629,2.352779,0.0,0.0,1.787605,0.0,0.0
PFN1,0.0,2.38169,2.183826,1.74578,0.0,1.77163,2.895043,1.787605,2.022524,2.422809
AHI1,0.0,0.0,0.0,0.0,0.0,1.77163,0.0,0.0,0.0,1.814621
VCAM1,0.0,0.0,0.0,0.0,0.0,0.0,0.0,0.0,0.0,0.0
CDK2AP2,0.0,0.0,0.0,0.0,0.0,0.0,0.0,1.787605,0.0,0.0
TMEM134,0.0,0.0,0.0,0.0,0.0,0.0,0.0,0.0,0.0,0.0
TP53INP1,0.0,0.0,0.0,1.74578,0.0,0.0,0.0,0.0,0.0,0.0
RPS6KB2,0.0,0.0,0.0,0.0,2.352779,0.0,0.0,0.0,0.0,0.0
DDX24,0.0,0.0,2.183826,2.347629,0.0,1.77163,0.0,0.0,0.0,1.814621
ZFP36L2,0.0,0.0,2.183826,0.0,2.997206,1.77163,0.0,1.787605,3.028786,1.814621
FNIP1,0.0,0.0,0.0,0.0,0.0,0.0,0.0,0.0,0.0,0.0
SHMT2,0.0,0.0,0.0,0.0,0.0,0.0,0.0,0.0,0.0,0.0
TSHZ2,0.0,0.0,0.0,0.0,0.0,0.0,0.0,0.0,0.0,0.0
NDUFA3,0.0,2.38169,0.0,0.0,2.997206,0.0,1.901325,0.0,2.022524,0.0
SRSF11,0.0,0.0,2.18382640423796,0.0,0.0,0.0,0.0,1.78760491402091,0.0,0.0
DDX17,0.0,0.0,2.183826,0.0,2.352779,0.0,0.0,0.0,0.0,2.422809
CFH,0.0,0.0,0.0,0.0,0.0,0.0,0.0,0.0,0.0,0.0
GAS6,0.0,0.0,0.0,0.0,0.0,0.0,0.0,0.0,0.0,0.0
TSC22D1,1.791343,0.0,0.0,0.0,0.0,1.77163,0.0,0.0,2.022524,2.422809
SH3BGRL,2.397441,0.0,0.0,0.0,2.352779,0.0,0.0,0.0,2.022524,0.0
N4BP2L2,0.0,0.0,2.183826,1.74578,0.0,1.77163,0.0,1.787605,2.022524,1.814621
BGN,0.0,0.0,0.0,0.0,0.0,0.0,0.0,0.0,0.0,0.0
ASAH1,2.397441,0.0,2.183826,0.0,2.352779,1.77163,1.901325,0.0,2.022524,0.0
CCL4,0.0,0.0,0.0,0.0,0.0,0.0,0.0,0.0,0.0,2.422809
TM9SF2,0.0,0.0,0.0,0.0,0.0,0.0,0.0,0.0,2.022524,0.0
ENAH,0.0,0.0,0.0,0.0,0.0,0.0,0.0,0.0,0.0,0.0
LIMD2,1.791343,0.0,0.0,0.0,0.0,0.0,0.0,0.0,2.022524,0.0
SH3GLB1,0.0,0.0,0.0,0.0,0.0,0.0,0.0,0.0,2.64722064025442,0.0
C1S,0.0,0.0,0.0,0.0,0.0,0.0,0.0,0.0,0.0,0.0
NAA38,0.0,2.38169,0.0,0.0,0.0,2.375915,0.0,0.0,2.022524,0.0
TUBB4B,0.0,0.0,0.0,0.0,0.0,0.0,0.0,0.0,0.0,0.0
PUM1,0.0,0.0,0.0,0.0,0.0,0.0,0.0,0.0,0.0,0.0
CHPF,0.0,0.0,0.0,0.0,0.0,0.0,0.0,0.0,0.0,0.0
SEP15,0.0,0.0,0.0,0.0,0.0,1.77162979968438,1.90132525334375,1.78760491402091,0.0,0.0
DCN,0.0,0.0,0.0,0.0,0.0,0.0,0.0,0.0,0.0,0.0
MRPL55,0.0,0.0,0.0,0.0,0.0,0.0,0.0,0.0,0.0,0.0
SNRPB,0.0,0.0,0.0,2.72071,0.0,0.0,0.0,0.0,0.0,0.0
HMGN3,0.0,0.0,0.0,0.0,0.0,1.77163,2.516851,0.0,0.0,0.0
TMEM176B,0.0,2.38169,0.0,2.72071,0.0,0.0,2.516851,0.0,0.0,2.422809
LAMTOR1,0.0,0.0,0.0,0.0,0.0,0.0,0.0,0.0,0.0,0.0
MKKS,0.0,0.0,0.0,0.0,0.0,0.0,0.0,0.0,0.0,2.422809
TINAGL1,0.0,0.0,0.0,0.0,0.0,0.0,0.0,0.0,0.0,0.0
PDIA4,0.0,0.0,0.0,0.0,0.0,0.0,0.0,0.0,0.0,0.0
CD44,3.044046,0.0,2.819021,1.74578,2.997206,2.749914,1.901325,0.0,2.022524,1.814621
EIF3E,1.791343,2.38169,2.819021,2.347629,2.352779,1.77163,1.901325,1.787605,2.022524,2.422809
ADAMTS1,0.0,0.0,0.0,0.0,0.0,0.0,0.0,0.0,0.0,0.0
UBE2Z,0.0,0.0,2.183826,0.0,0.0,0.0,0.0,1.787605,0.0,0.0
CAV2,0.0,0.0,0.0,0.0,0.0,0.0,0.0,0.0,0.0,0.0
TNFRSF1A,0.0,0.0,0.0,0.0,0.0,0.0,0.0,0.0,0.0,0.0
NUTM2B-AS1,0.0,0.0,0.0,0.0,0.0,0.0,0.0,0.0,2.022524,2.422809
HIF1A,0.0,0.0,0.0,0.0,0.0,0.0,0.0,0.0,0.0,0.0
FEZ2,0.0,0.0,0.0,0.0,0.0,0.0,0.0,0.0,2.022524,0.0
CDC37,0.0,0.0,0.0,0.0,0.0,0.0,0.0,0.0,0.0,0.0
MDH2,0.0,0.0,0.0,0.0,0.0,0.0,0.0,0.0,0.0,0.0
SRRM2,0.0,0.0,0.0,0.0,0.0,0.0,0.0,0.0,0.0,0.0
COX4I1,1.791343,0.0,2.183826,0.0,3.385889,0.0,0.0,2.393362,0.0,2.422809
RBM3,0.0,0.0,2.183826,0.0,0.0,0.0,1.901325,1.787605,0.0,1.814621
RBM17,0.0,0.0,0.0,0.0,2.352779,0.0,0.0,0.0,0.0,0.0
CELF2,1.791343,0.0,0.0,1.74578,0.0,1.77163,0.0,0.0,2.647221,1.814621
IGFBP5,0.0,0.0,0.0,0.0,0.0,0.0,0.0,0.0,0.0,0.0
IER3IP1,0.0,0.0,0.0,0.0,0.0,1.77163,0.0,2.393362,0.0,0.0
RAB5C,0.0,0.0,0.0,0.0,0.0,0.0,0.0,0.0,0.0,0.0
NDUFA13,0.0,0.0,0.0,1.74578,0.0,1.77163,1.901325,0.0,2.022524,0.0
SDC2,0.0,0.0,0.0,0.0,0.0,0.0,0.0,0.0,0.0,0.0
COPS6,0.0,0.0,0.0,0.0,0.0,0.0,0.0,0.0,0.0,0.0
CLU,1.791343,3.696171,3.481882,2.72071,2.997206,2.749914,1.901325,2.393362,3.304301,3.070607
CCNL2,0.0,0.0,0.0,0.0,0.0,1.77162979968438,0.0,0.0,2.02252417882334,0.0
SERPING1,0.0,0.0,0.0,0.0,0.0,0.0,0.0,0.0,0.0,0.0
LY6E,0.0,0.0,0.0,0.0,0.0,0.0,0.0,0.0,0.0,0.0
SEC61G,1.791343,0.0,0.0,1.74578,0.0,0.0,1.901325,2.767914,0.0,0.0
MYEOV2,0.0,0.0,0.0,0.0,0.0,1.77163,0.0,0.0,0.0,0.0
UBTF,0.0,0.0,0.0,0.0,0.0,0.0,0.0,0.0,0.0,0.0
SIVA1,2.397441,2.38169,0.0,0.0,2.352779,0.0,0.0,1.787605,0.0,0.0
AKR1B1,0.0,0.0,0.0,1.74578,0.0,0.0,0.0,0.0,0.0,0.0
CHMP3,0.0,0.0,0.0,0.0,0.0,1.77163,0.0,0.0,0.0,0.0
ANGPTL2,0.0,0.0,0.0,0.0,0.0,0.0,0.0,0.0,0.0,0.0
CTNNA1,0.0,0.0,0.0,0.0,0.0,0.0,0.0,0.0,0.0,0.0
CDC42EP1,0.0,0.0,0.0,0.0,0.0,0.0,0.0,0.0,0.0,0.0
MYO1C,0.0,0.0,0.0,0.0,0.0,0.0,0.0,0.0,0.0,0.0
TES,0.0,0.0,0.0,0.0,0.0,0.0,0.0,0.0,0.0,0.0
ENG,0.0,0.0,0.0,0.0,0.0,0.0,0.0,0.0,0.0,0.0
SDF2L1,0.0,2.38169,0.0,0.0,0.0,0.0,0.0,0.0,0.0,0.0
TUBA1A,0.0,0.0,0.0,0.0,2.997206,0.0,0.0,2.767914,0.0,0.0
IRF2BP2,0.0,0.0,0.0,0.0,0.0,0.0,1.90132525334375,2.39336217346739,0.0,0.0
LDHB,2.397441,0.0,0.0,0.0,0.0,1.77163,1.901325,0.0,0.0,1.814621
PDLIM4,0.0,0.0,0.0,0.0,0.0,0.0,0.0,0.0,0.0,0.0
HINT1,1.791343,0.0,2.183826,0.0,2.997206,1.77163,0.0,0.0,0.0,0.0
MAP4,0.0,0.0,0.0,0.0,0.0,0.0,0.0,0.0,0.0,0.0
UBE2B,0.0,0.0,2.183826,2.347629,0.0,0.0,0.0,0.0,2.022524,1.814621
CHD9,0.0,0.0,0.0,1.74578,0.0,0.0,0.0,1.787605,0.0,0.0
PDE7A,0.0,0.0,0.0,0.0,0.0,0.0,0.0,0.0,2.022524,0.0
EIF4B,2.77212,0.0,0.0,0.0,0.0,0.0,0.0,0.0,0.0,0.0
LRP1,0.0,0.0,0.0,0.0,0.0,0.0,0.0,0.0,0.0,0.0
FLOT1,0.0,0.0,2.183826,0.0,0.0,0.0,0.0,0.0,0.0,0.0
CDKN1A,0.0,0.0,0.0,0.0,0.0,0.0,0.0,0.0,0.0,0.0
NRDC,0.0,0.0,0.0,0.0,0.0,0.0,0.0,0.0,0.0,0.0
PTK2B,0.0,0.0,0.0,0.0,0.0,0.0,1.901325,0.0,0.0,0.0
MRPS34,0.0,0.0,2.183826,0.0,0.0,0.0,0.0,0.0,0.0,0.0
YTHDF2,0.0,0.0,0.0,0.0,0.0,0.0,0.0,0.0,0.0,0.0
RAC1,2.397441,0.0,0.0,0.0,0.0,0.0,0.0,0.0,0.0,0.0
CD3E,0.0,0.0,0.0,0.0,0.0,0.0,0.0,0.0,0.0,0.0
CAPNS1,0.0,0.0,0.0,0.0,0.0,0.0,0.0,0.0,0.0,0.0
HSBP1,0.0,0.0,2.183826,0.0,0.0,1.77163,1.901325,0.0,0.0,0.0
ADH1B,0.0,0.0,0.0,0.0,0.0,0.0,0.0,0.0,0.0,0.0
ADGRL4,0.0,0.0,0.0,0.0,0.0,0.0,0.0,0.0,0.0,0.0
TRAF3IP3,0.0,0.0,0.0,2.34762900467216,0.0,0.0,0.0,2.39336217346739,0.0,0.0
TMED10,0.0,2.38169,0.0,0.0,0.0,0.0,0.0,1.787605,0.0,1.814621
CYB5A,0.0,0.0,0.0,0.0,0.0,0.0,1.901325,0.0,0.0,0.0
GORASP2,0.0,0.0,0.0,0.0,0.0,0.0,0.0,0.0,0.0,0.0
CTSF,0.0,0.0,0.0,0.0,0.0,0.0,0.0,0.0,0.0,0.0
RAB13,0.0,0.0,2.18382640423796,0.0,0.0,0.0,0.0,0.0,0.0,0.0
AKIRIN1,0.0,0.0,0.0,0.0,0.0,0.0,1.90132525334375,0.0,0.0,0.0
SLC39A6,0.0,0.0,0.0,0.0,0.0,0.0,0.0,0.0,0.0,1.814621
UFSP2,1.791343,0.0,0.0,0.0,0.0,0.0,0.0,0.0,0.0,0.0
PSMB3,0.0,0.0,2.819021,1.74578,0.0,0.0,1.901325,0.0,2.022524,0.0
TGFBR3,0.0,0.0,0.0,0.0,0.0,0.0,0.0,0.0,0.0,0.0
DDX18,0.0,0.0,0.0,0.0,0.0,1.77163,0.0,0.0,0.0,0.0
SNRPC,0.0,0.0,0.0,1.74578,0.0,0.0,0.0,0.0,0.0,0.0
TLN1,0.0,0.0,0.0,0.0,2.352779,0.0,0.0,0.0,2.022524,1.814621
YWHAQ,1.791343,2.38169,0.0,0.0,0.0,1.77163,0.0,0.0,0.0,2.422809
SHC1,0.0,0.0,0.0,0.0,0.0,0.0,0.0,0.0,0.0,0.0
HAX1,0.0,0.0,0.0,0.0,0.0,0.0,0.0,0.0,0.0,0.0
CAMTA1,0.0,2.38169038092219,0.0,0.0,0.0,1.77162979968438,0.0,0.0,0.0,0.0
HEG1,0.0,0.0,0.0,0.0,0.0,0.0,0.0,0.0,0.0,0.0
KLRB1,0.0,0.0,0.0,0.0,0.0,0.0,0.0,0.0,0.0,0.0
MGMT,0.0,0.0,2.183826,0.0,0.0,0.0,0.0,0.0,0.0,0.0
RNASET2,1.791343,0.0,0.0,0.0,0.0,0.0,0.0,0.0,0.0,0.0
NXT1,0.0,0.0,0.0,0.0,0.0,0.0,0.0,0.0,0.0,0.0
YIPF2,0.0,0.0,0.0,0.0,0.0,0.0,0.0,0.0,0.0,0.0
HNRNPUL1,0.0,0.0,0.0,0.0,0.0,0.0,0.0,0.0,0.0,0.0
RAI14,0.0,0.0,0.0,0.0,0.0,0.0,0.0,0.0,0.0,0.0
SNRPG,2.397441,2.38169,0.0,0.0,2.352779,0.0,0.0,1.787605,0.0,0.0
LGALS4,0.0,0.0,2.183826,0.0,0.0,0.0,0.0,0.0,0.0,0.0
HNRNPA3,0.0,2.38169,2.183826,0.0,0.0,0.0,0.0,0.0,0.0,1.814621
HINT2,0.0,0.0,0.0,0.0,0.0,1.77163,0.0,0.0,0.0,0.0
ID2,2.397441,2.38169,2.819021,2.347629,0.0,3.234834,0.0,0.0,3.304301,3.070607
HNRNPC,0.0,2.38169,0.0,1.74578,0.0,3.021484,0.0,0.0,0.0,0.0
EPC1,0.0,0.0,0.0,0.0,0.0,1.77163,1.901325,0.0,2.022524,0.0
TAPBPL,0.0,0.0,0.0,0.0,0.0,0.0,0.0,0.0,0.0,0.0
NUCB2,0.0,0.0,2.183826,0.0,0.0,0.0,0.0,0.0,2.022524,1.814621
EIF3J,0.0,0.0,0.0,0.0,0.0,0.0,0.0,0.0,0.0,0.0
AKAP12,0.0,0.0,0.0,0.0,0.0,2.375915,1.901325,0.0,0.0,0.0
FXYD3,0.0,0.0,0.0,0.0,0.0,0.0,0.0,0.0,0.0,0.0
MMP2,0.0,0.0,0.0,0.0,0.0,0.0,0.0,0.0,0.0,0.0
OCIAD1,2.397441,0.0,0.0,0.0,2.997206,0.0,0.0,0.0,0.0,0.0
CYB5R3,0.0,0.0,0.0,0.0,0.0,0.0,0.0,1.787605,0.0,0.0
SCPEP1,0.0,0.0,0.0,0.0,0.0,0.0,0.0,0.0,0.0,0.0
ISCU,0.0,0.0,0.0,0.0,0.0,0.0,0.0,0.0,0.0,1.814621
WDR26,0.0,0.0,0.0,0.0,2.35277882971183,0.0,0.0,1.78760491402091,0.0,0.0
SRPRA,0.0,0.0,0.0,0.0,0.0,0.0,0.0,0.0,0.0,0.0
DPP7,0.0,0.0,0.0,0.0,0.0,1.77163,0.0,0.0,2.647221,1.814621
C9orf142,0.0,3.027539,0.0,0.0,0.0,0.0,0.0,0.0,2.647221,0.0
MRPS21,0.0,2.38169038092219,0.0,1.74577992111071,0.0,2.37591538013376,0.0,1.78760491402091,0.0,0.0
METTL9,1.791343,0.0,0.0,0.0,0.0,0.0,0.0,0.0,0.0,0.0
CAP1,0.0,0.0,2.18382640423796,1.74577992111071,2.35277882971183,0.0,0.0,2.39336217346739,0.0,1.8146205105463
MLEC,0.0,0.0,0.0,0.0,0.0,0.0,0.0,0.0,0.0,0.0
C19orf53,1.791343,0.0,0.0,0.0,0.0,1.77163,0.0,1.787605,0.0,0.0
SNHG8,0.0,0.0,0.0,0.0,0.0,0.0,2.516851,0.0,2.022524,0.0
NSRP1,0.0,0.0,0.0,0.0,2.352779,0.0,0.0,0.0,0.0,0.0
PPHLN1,0.0,0.0,0.0,0.0,0.0,0.0,0.0,0.0,0.0,0.0
CTTN,0.0,0.0,0.0,0.0,0.0,0.0,0.0,0.0,0.0,0.0
TAX1BP3,0.0,0.0,0.0,0.0,0.0,1.77163,0.0,0.0,0.0,0.0
EIF3M,0.0,0.0,0.0,2.347629,2.352779,1.77163,0.0,0.0,0.0,1.814621
WDR74,0.0,0.0,0.0,0.0,0.0,0.0,0.0,0.0,0.0,0.0
JUN,2.39744085126915,3.02753929531507,2.18382640423796,3.52966631275066,4.06196748854413,3.55999457384193,3.84070070636661,3.70870646897734,2.64722064025442,3.61013985386154
PRDM2,0.0,0.0,0.0,0.0,0.0,0.0,0.0,0.0,0.0,1.8146205105463
NCL,1.791343,0.0,0.0,2.347629,0.0,1.77163,1.901325,0.0,0.0,1.814621
CKLF,1.791343,2.38169,3.204398,2.347629,2.352779,2.375915,2.516851,1.787605,0.0,1.814621
H1FX,0.0,0.0,0.0,0.0,0.0,0.0,0.0,0.0,0.0,0.0
MZT2A,0.0,0.0,0.0,0.0,0.0,0.0,0.0,0.0,0.0,0.0
FKBP8,0.0,0.0,0.0,0.0,0.0,0.0,0.0,1.787605,0.0,1.814621
UBE2N,0.0,0.0,0.0,0.0,0.0,0.0,0.0,2.393362,0.0,0.0
EIF1AX,1.791343,0.0,0.0,0.0,2.352779,1.77163,0.0,0.0,0.0,2.422809
PRDX4,0.0,0.0,0.0,0.0,0.0,0.0,0.0,0.0,0.0,0.0
AUP1,0.0,2.38169,0.0,0.0,0.0,0.0,0.0,0.0,0.0,0.0
WIPF2,0.0,0.0,0.0,0.0,0.0,0.0,0.0,0.0,0.0,0.0
GTF3A,0.0,0.0,0.0,0.0,0.0,0.0,0.0,0.0,0.0,0.0
ABL2,0.0,0.0,0.0,0.0,0.0,0.0,0.0,0.0,0.0,0.0
NDRG2,0.0,0.0,0.0,0.0,0.0,0.0,0.0,0.0,0.0,0.0
GMFG,1.791343,0.0,0.0,2.347629,0.0,0.0,1.901325,0.0,2.022524,1.814621
UROD,0.0,0.0,0.0,0.0,0.0,0.0,1.90132525334375,0.0,0.0,0.0
IL16,0.0,0.0,0.0,0.0,0.0,0.0,0.0,0.0,0.0,0.0
SNF8,0.0,2.38169,0.0,0.0,0.0,1.77163,0.0,0.0,0.0,0.0
VGLL4,0.0,0.0,0.0,0.0,0.0,0.0,0.0,0.0,0.0,0.0
ATP5H,0.0,0.0,0.0,0.0,0.0,0.0,0.0,0.0,0.0,1.814621
LAMTOR4,2.397441,3.027539,0.0,0.0,0.0,0.0,0.0,1.787605,2.022524,2.422809
FAAP20,0.0,0.0,0.0,1.74577992111071,0.0,0.0,0.0,0.0,0.0,0.0
SEC62,2.397441,0.0,2.183826,0.0,0.0,2.749914,1.901325,1.787605,0.0,0.0
HNRNPA1,1.791343,0.0,2.183826,1.74578,3.385889,2.375915,1.901325,1.787605,2.022524,3.070607
RP11-138A9.1,0.0,0.0,0.0,0.0,0.0,0.0,0.0,0.0,0.0,0.0
BID,0.0,0.0,2.183826,0.0,0.0,0.0,0.0,0.0,0.0,0.0
UBA3,0.0,0.0,0.0,1.74578,0.0,1.77163,0.0,0.0,0.0,0.0
ANAPC16,0.0,0.0,0.0,0.0,0.0,2.749914,1.901325,2.393362,0.0,1.814621
TMX4,0.0,0.0,0.0,0.0,0.0,0.0,0.0,0.0,0.0,0.0
MRPL28,0.0,0.0,0.0,0.0,0.0,0.0,0.0,0.0,0.0,0.0
TNPO1,0.0,0.0,0.0,0.0,0.0,0.0,0.0,0.0,0.0,0.0
FKBP3,0.0,0.0,0.0,0.0,0.0,0.0,0.0,0.0,2.022524,0.0
HNRNPDL,0.0,0.0,2.183826,1.74578,0.0,0.0,0.0,0.0,2.022524,1.814621
RBPMS,0.0,0.0,0.0,0.0,0.0,0.0,0.0,0.0,0.0,0.0
IST1,0.0,2.38169,0.0,0.0,0.0,0.0,1.901325,0.0,0.0,0.0
EDF1,1.791343,0.0,0.0,0.0,2.352779,0.0,2.516851,0.0,2.022524,1.814621
VKORC1,0.0,0.0,2.183826,0.0,0.0,0.0,0.0,0.0,0.0,1.814621
ASAP1,0.0,0.0,0.0,0.0,0.0,0.0,0.0,0.0,0.0,1.814621
SSR2,2.39744085126915,0.0,0.0,0.0,0.0,0.0,0.0,0.0,0.0,2.42280890680479
C4orf48,1.791343,2.38169,2.183826,1.74578,2.352779,0.0,1.901325,1.787605,0.0,2.422809
MYC,0.0,0.0,0.0,0.0,0.0,0.0,1.901325,0.0,0.0,0.0
PAIP2,0.0,0.0,0.0,0.0,0.0,2.375915,1.901325,0.0,0.0,0.0
ACTN4,0.0,0.0,0.0,0.0,0.0,0.0,0.0,0.0,0.0,0.0
C18orf32,0.0,0.0,2.183826,0.0,0.0,0.0,0.0,0.0,0.0,0.0
HLA-DRB1,0.0,0.0,0.0,0.0,0.0,0.0,0.0,0.0,0.0,0.0
PEX16,1.791343,0.0,0.0,0.0,0.0,0.0,0.0,0.0,0.0,0.0
EPRS,0.0,0.0,0.0,0.0,0.0,0.0,0.0,0.0,0.0,0.0
MEG3,0.0,0.0,0.0,0.0,0.0,0.0,0.0,0.0,0.0,0.0
MRPS25,0.0,0.0,0.0,0.0,0.0,0.0,0.0,1.787605,0.0,0.0
CREG1,1.79134292404771,0.0,0.0,0.0,0.0,0.0,0.0,1.78760491402091,0.0,0.0
DNAJB11,0.0,0.0,0.0,0.0,0.0,0.0,0.0,0.0,0.0,0.0
ATL3,0.0,0.0,0.0,0.0,0.0,0.0,0.0,0.0,0.0,0.0
KLF9,0.0,0.0,0.0,0.0,0.0,1.77163,0.0,0.0,0.0,1.814621
TMED4,0.0,0.0,0.0,0.0,0.0,0.0,0.0,0.0,0.0,0.0
MDM4,1.79134292404771,0.0,0.0,0.0,0.0,0.0,0.0,1.78760491402091,0.0,0.0
TMEM205,0.0,0.0,0.0,0.0,0.0,0.0,1.901325,0.0,0.0,0.0
ERGIC1,0.0,0.0,0.0,0.0,0.0,1.77163,0.0,0.0,0.0,0.0
EIF5A,0.0,0.0,0.0,0.0,0.0,0.0,0.0,0.0,2.022524,0.0
NDUFB11,0.0,0.0,2.183826,0.0,0.0,0.0,0.0,1.787605,0.0,0.0
FAM3C,1.791343,0.0,0.0,0.0,0.0,0.0,0.0,0.0,0.0,0.0
CCDC167,0.0,0.0,0.0,0.0,0.0,0.0,0.0,0.0,0.0,0.0
SEPT11,0.0,0.0,0.0,0.0,2.352779,0.0,0.0,0.0,0.0,0.0
MRPL51,1.791343,0.0,0.0,0.0,0.0,1.77163,0.0,0.0,0.0,0.0
TUG1,0.0,0.0,0.0,0.0,0.0,0.0,0.0,0.0,0.0,0.0
CNBP,1.791343,0.0,0.0,0.0,0.0,0.0,0.0,0.0,0.0,0.0
SARAF,0.0,0.0,0.0,1.74578,2.352779,0.0,0.0,2.393362,0.0,2.422809
FGL2,0.0,0.0,0.0,0.0,0.0,0.0,0.0,0.0,0.0,0.0
NUDT5,0.0,0.0,2.183826,0.0,0.0,0.0,1.901325,0.0,0.0,0.0
ATP6V0D1,0.0,0.0,0.0,0.0,0.0,0.0,0.0,0.0,0.0,0.0
GULP1,0.0,0.0,0.0,0.0,0.0,0.0,0.0,0.0,0.0,0.0
NDUFV2,0.0,0.0,0.0,0.0,0.0,0.0,0.0,0.0,0.0,0.0
GRN,0.0,0.0,0.0,0.0,2.352779,0.0,0.0,0.0,0.0,0.0
SNRPD3,0.0,0.0,0.0,1.74578,0.0,0.0,0.0,0.0,0.0,0.0
TMEM160,0.0,0.0,0.0,0.0,0.0,0.0,0.0,0.0,0.0,0.0
FYB,0.0,0.0,0.0,0.0,0.0,0.0,0.0,0.0,0.0,0.0
RAB5B,0.0,0.0,0.0,0.0,0.0,0.0,0.0,0.0,0.0,0.0
NDUFB4,0.0,0.0,2.183826,1.74578,0.0,0.0,1.901325,0.0,0.0,1.814621
PRKAR1A,0.0,2.38169,0.0,0.0,0.0,0.0,0.0,1.787605,2.022524,1.814621
RTN3,0.0,0.0,0.0,0.0,2.352779,0.0,0.0,0.0,0.0,0.0
COX5A,0.0,0.0,2.183826,1.74578,0.0,1.77163,1.901325,2.393362,2.022524,0.0
APOE,0.0,0.0,0.0,0.0,0.0,0.0,0.0,0.0,0.0,0.0
C12orf57,0.0,0.0,0.0,1.74578,0.0,0.0,0.0,0.0,0.0,0.0
ACTA2,0.0,0.0,0.0,0.0,0.0,0.0,0.0,0.0,0.0,0.0
UNC50,0.0,0.0,0.0,0.0,0.0,0.0,0.0,1.787605,0.0,0.0
NEXN,0.0,0.0,0.0,0.0,0.0,0.0,0.0,0.0,0.0,0.0
SPCS2,0.0,0.0,0.0,0.0,2.352779,1.77163,2.516851,1.787605,0.0,1.814621
AKR7A2,0.0,0.0,0.0,0.0,0.0,0.0,0.0,0.0,0.0,0.0
C11orf31,2.397441,0.0,0.0,0.0,0.0,1.77163,1.901325,0.0,2.022524,0.0
HOPX,0.0,0.0,0.0,0.0,0.0,0.0,0.0,0.0,0.0,0.0
SF3B5,1.791343,0.0,0.0,0.0,0.0,0.0,0.0,0.0,0.0,0.0
DNAJC21,1.791343,2.38169,0.0,0.0,0.0,0.0,0.0,0.0,0.0,0.0
AASDHPPT,0.0,0.0,0.0,0.0,0.0,0.0,0.0,0.0,0.0,0.0
G0S2,0.0,0.0,0.0,0.0,0.0,0.0,0.0,0.0,0.0,0.0
ZRANB2,0.0,0.0,0.0,0.0,0.0,0.0,1.90132525334375,0.0,2.02252417882334,1.8146205105463
DDX42,1.791343,0.0,0.0,0.0,0.0,0.0,0.0,0.0,0.0,0.0
ARSA,0.0,0.0,0.0,0.0,0.0,0.0,0.0,0.0,0.0,0.0
STK17A,0.0,0.0,0.0,0.0,0.0,0.0,0.0,0.0,0.0,0.0
SLC35A3,0.0,0.0,0.0,0.0,0.0,1.77162979968438,0.0,0.0,0.0,0.0
PPP1CA,1.791343,2.38169,2.819021,0.0,0.0,0.0,1.901325,0.0,0.0,0.0
IQGAP1,0.0,0.0,2.183826,0.0,0.0,0.0,1.901325,0.0,0.0,0.0
HAGH,0.0,0.0,0.0,0.0,0.0,0.0,0.0,0.0,0.0,0.0
SRP9,0.0,0.0,0.0,1.74577992111071,0.0,0.0,2.51685108634779,0.0,0.0,1.8146205105463
CH17-189H20.1,1.79134292404771,0.0,0.0,0.0,0.0,0.0,0.0,0.0,2.02252417882334,0.0
PSMA2,1.791343,0.0,2.183826,2.347629,0.0,0.0,0.0,0.0,0.0,0.0
PALLD,1.791343,0.0,0.0,0.0,0.0,0.0,0.0,0.0,0.0,0.0
UBE2V2,0.0,2.38169,0.0,0.0,0.0,0.0,0.0,0.0,0.0,0.0
NET1,0.0,0.0,0.0,0.0,0.0,0.0,0.0,0.0,0.0,0.0
SH3KBP1,0.0,0.0,0.0,0.0,0.0,0.0,1.901325,0.0,0.0,0.0
HDAC7,0.0,0.0,0.0,0.0,0.0,0.0,0.0,0.0,0.0,0.0
C6orf48,0.0,0.0,0.0,0.0,0.0,0.0,0.0,0.0,0.0,0.0
RPL36,3.044046,4.245093,3.204398,3.204852,3.665073,3.234834,3.710233,3.57867,3.697449,3.284429
EIF3A,0.0,0.0,0.0,0.0,0.0,0.0,0.0,1.787605,0.0,0.0
DHRS4L2,0.0,0.0,0.0,0.0,0.0,0.0,1.901325,0.0,0.0,0.0
EIF4A2,3.044046,0.0,0.0,2.347629,0.0,0.0,0.0,1.787605,2.022524,1.814621
EIF5B,0.0,0.0,0.0,1.74578,0.0,0.0,2.895043,0.0,0.0,0.0
POSTN,0.0,0.0,0.0,0.0,0.0,0.0,0.0,0.0,0.0,0.0
NDUFB3,0.0,0.0,0.0,0.0,0.0,0.0,1.901325,0.0,0.0,0.0
ARID5A,0.0,0.0,0.0,0.0,0.0,0.0,0.0,0.0,0.0,0.0
MGEA5,0.0,0.0,0.0,1.74578,0.0,0.0,1.901325,1.787605,0.0,0.0
MRFAP1,0.0,0.0,0.0,0.0,0.0,0.0,0.0,0.0,0.0,0.0
LTBP4,0.0,0.0,0.0,0.0,0.0,0.0,0.0,0.0,0.0,0.0
ASNA1,1.791343,0.0,0.0,1.74578,0.0,0.0,0.0,0.0,0.0,0.0
TAF7,0.0,2.38169,2.183826,0.0,0.0,1.77163,0.0,0.0,0.0,0.0
A1BG,0.0,0.0,0.0,0.0,0.0,0.0,0.0,2.393362,0.0,0.0
SLIT3,0.0,0.0,0.0,0.0,0.0,0.0,0.0,0.0,0.0,0.0
EIF3G,0.0,0.0,0.0,0.0,0.0,0.0,1.901325,0.0,0.0,1.814621
NME3,0.0,0.0,0.0,0.0,0.0,0.0,0.0,0.0,0.0,1.814621
STK38L,0.0,0.0,0.0,0.0,0.0,0.0,0.0,1.787605,0.0,0.0
TYMP,0.0,0.0,0.0,0.0,0.0,0.0,0.0,0.0,0.0,0.0
SNX17,0.0,0.0,0.0,0.0,0.0,0.0,0.0,1.787605,0.0,0.0
BHLHE40,0.0,3.027539,0.0,2.72071,0.0,1.77163,1.901325,0.0,0.0,2.422809
APOLD1,0.0,0.0,0.0,0.0,0.0,0.0,0.0,0.0,0.0,0.0
MT-ND6,0.0,2.38169,0.0,0.0,0.0,0.0,0.0,0.0,0.0,0.0
ILF3-AS1,0.0,0.0,0.0,1.74578,0.0,0.0,0.0,0.0,0.0,1.814621
MYO1B,0.0,0.0,0.0,0.0,0.0,0.0,0.0,0.0,0.0,0.0
GNAQ,0.0,0.0,0.0,2.347629,0.0,1.77163,0.0,0.0,0.0,0.0
PRR13,0.0,0.0,0.0,1.74578,0.0,1.77163,2.516851,0.0,0.0,1.814621
ZNHIT1,0.0,0.0,0.0,0.0,0.0,0.0,1.901325,1.787605,0.0,0.0
GLTSCR2,2.77212,0.0,0.0,0.0,0.0,0.0,0.0,2.393362,2.022524,0.0
YWHAH,0.0,2.38169,0.0,0.0,0.0,0.0,0.0,0.0,0.0,0.0
AP2S1,0.0,2.38169,0.0,0.0,0.0,0.0,0.0,0.0,2.022524,0.0
SEC61B,1.791343,2.38169,0.0,0.0,0.0,0.0,0.0,0.0,0.0,0.0
RCAN1,0.0,0.0,0.0,0.0,0.0,0.0,0.0,0.0,0.0,0.0
FRMD4A,0.0,0.0,0.0,0.0,0.0,0.0,0.0,0.0,0.0,0.0
VOPP1,0.0,0.0,0.0,0.0,0.0,1.77163,0.0,0.0,0.0,0.0
RSRC1,0.0,0.0,0.0,0.0,2.352779,0.0,0.0,0.0,2.022524,0.0
H2AFZ,2.397441,0.0,0.0,1.74578,2.352779,0.0,1.901325,0.0,2.022524,1.814621
FNBP1,0.0,3.027539,0.0,0.0,0.0,0.0,0.0,0.0,0.0,0.0
TMEM123,0.0,0.0,0.0,0.0,0.0,0.0,0.0,0.0,0.0,0.0
SEC14L1,0.0,0.0,0.0,0.0,0.0,0.0,0.0,0.0,0.0,0.0
TMEM256,0.0,2.38169,0.0,0.0,0.0,0.0,0.0,0.0,0.0,0.0
PLS3,0.0,0.0,0.0,0.0,0.0,0.0,0.0,0.0,0.0,0.0
UGCG,0.0,0.0,0.0,1.74578,0.0,0.0,0.0,0.0,0.0,0.0
KLC1,0.0,0.0,0.0,0.0,0.0,0.0,0.0,0.0,0.0,0.0
PSMC3,0.0,0.0,0.0,0.0,2.352779,0.0,1.901325,0.0,0.0,0.0
GPR183,0.0,0.0,2.183826,1.74578,2.352779,0.0,1.901325,2.393362,2.022524,0.0
PPP1CB,0.0,0.0,2.183826,0.0,0.0,0.0,0.0,0.0,0.0,0.0
SEPT2,1.791343,2.38169,2.819021,0.0,0.0,1.77163,1.901325,2.767914,2.022524,1.814621
PPP1R2,1.791343,0.0,0.0,0.0,0.0,0.0,0.0,1.787605,0.0,0.0
LHFP,0.0,0.0,0.0,0.0,0.0,0.0,0.0,0.0,0.0,0.0
RPL13A,4.024861,4.093329,3.481882,4.135083,4.061967,4.001584,3.956094,3.253301,3.304301,4.137802
CYCS,0.0,0.0,0.0,1.74578,0.0,0.0,0.0,0.0,0.0,0.0
BAD,0.0,0.0,0.0,0.0,0.0,0.0,0.0,0.0,0.0,0.0
CYBRD1,0.0,0.0,0.0,0.0,0.0,0.0,0.0,0.0,0.0,0.0
NTMT1,0.0,0.0,0.0,0.0,0.0,0.0,0.0,0.0,0.0,0.0
PHF3,0.0,0.0,0.0,0.0,0.0,0.0,0.0,0.0,2.022524,0.0
SFRP2,0.0,0.0,0.0,0.0,0.0,0.0,0.0,0.0,0.0,0.0
NR4A1,0.0,2.38169,0.0,0.0,0.0,1.77163,2.516851,0.0,2.022524,0.0
EEA1,1.791343,0.0,0.0,0.0,0.0,0.0,0.0,0.0,0.0,0.0
AXL,0.0,0.0,0.0,0.0,0.0,0.0,0.0,0.0,0.0,0.0
FKBP9,0.0,0.0,0.0,0.0,0.0,0.0,0.0,0.0,0.0,0.0
MRPS5,0.0,0.0,0.0,0.0,0.0,0.0,0.0,0.0,0.0,0.0
CLMP,0.0,0.0,0.0,0.0,0.0,0.0,0.0,0.0,0.0,0.0
FOXO3,0.0,0.0,0.0,0.0,0.0,0.0,0.0,0.0,0.0,0.0
PTTG1IP,0.0,0.0,0.0,1.74578,0.0,0.0,0.0,0.0,0.0,0.0
NEDD8,2.397441,2.38169,0.0,0.0,2.997206,1.77163,0.0,0.0,2.022524,0.0
TSPAN31,0.0,0.0,0.0,1.74578,0.0,0.0,0.0,0.0,0.0,0.0
CAMLG,1.791343,0.0,2.183826,1.74578,0.0,0.0,0.0,1.787605,0.0,0.0
WBSCR22,0.0,0.0,0.0,0.0,0.0,0.0,0.0,0.0,0.0,0.0
ARL6IP5,1.791343,0.0,0.0,2.347629,0.0,1.77163,2.516851,1.787605,2.022524,0.0
C19orf43,0.0,0.0,2.183826,0.0,2.352779,0.0,1.901325,0.0,0.0,2.422809
DDB1,0.0,0.0,0.0,0.0,0.0,0.0,0.0,0.0,0.0,0.0
RPL17,1.791343,0.0,0.0,1.74578,0.0,1.77163,1.901325,0.0,0.0,2.422809
HYAL2,0.0,0.0,0.0,0.0,0.0,0.0,0.0,0.0,0.0,0.0
ARL6IP1,0.0,0.0,0.0,1.74578,0.0,0.0,0.0,0.0,0.0,1.814621
NOL7,0.0,0.0,0.0,0.0,0.0,0.0,0.0,0.0,0.0,0.0
ILK,1.791343,0.0,0.0,0.0,0.0,0.0,1.901325,0.0,0.0,0.0
DNAJC4,0.0,0.0,0.0,0.0,0.0,0.0,0.0,0.0,0.0,0.0
CLTC,1.791343,0.0,0.0,0.0,0.0,0.0,0.0,0.0,0.0,0.0
ATP6V1G1,2.77212,0.0,2.183826,1.74578,0.0,0.0,0.0,0.0,0.0,1.814621
TUBB,0.0,0.0,0.0,0.0,0.0,1.77163,0.0,0.0,0.0,1.814621
SSBP3,0.0,0.0,2.18382640423796,0.0,2.35277882971183,0.0,0.0,0.0,0.0,0.0
CLEC11A,0.0,0.0,0.0,0.0,0.0,0.0,0.0,0.0,0.0,0.0
NDUFC1,0.0,0.0,0.0,0.0,0.0,0.0,0.0,0.0,0.0,0.0
PARL,0.0,0.0,0.0,0.0,0.0,0.0,1.901325,0.0,0.0,0.0
PCM1,0.0,0.0,0.0,0.0,0.0,0.0,0.0,0.0,0.0,0.0
MYO9A,0.0,0.0,0.0,0.0,0.0,0.0,0.0,0.0,0.0,1.814621
MAP3K7,0.0,0.0,2.183826,1.74578,0.0,0.0,0.0,0.0,0.0,0.0
FUS,0.0,0.0,0.0,0.0,0.0,0.0,0.0,0.0,2.022524,1.814621
GTF2A2,0.0,0.0,0.0,0.0,0.0,0.0,0.0,0.0,0.0,0.0
FAM198B,0.0,0.0,0.0,0.0,0.0,0.0,0.0,0.0,0.0,0.0
CSNK1E,0.0,0.0,0.0,0.0,0.0,0.0,0.0,0.0,0.0,0.0
LUM,0.0,0.0,0.0,0.0,0.0,0.0,0.0,0.0,0.0,0.0
RAMP2,1.791343,0.0,0.0,0.0,0.0,0.0,0.0,0.0,0.0,0.0
RPS6KA3,0.0,0.0,0.0,0.0,0.0,0.0,0.0,0.0,0.0,0.0
YPEL5,1.791343,0.0,0.0,0.0,0.0,0.0,0.0,0.0,0.0,0.0
C1orf43,0.0,0.0,0.0,0.0,0.0,1.77162979968438,0.0,0.0,0.0,1.8146205105463
UBE2D3,2.397441,0.0,0.0,0.0,0.0,2.375915,0.0,1.787605,2.022524,0.0
