cell,KUL28-T_CTACCCACATTCGACA,KUL28-T_GGACATTGTGCAGTAG,KUL28-T_TCAGATGTCGGAAACG,KUL28-T_TCGTAGACACGACTCG
IGHA1,0.0,1.984782,0.0,0.0
CD79A,1.769607,2.60675,0.0,2.389753
JCHAIN,2.747633,0.0,2.697382,0.0
IGKC,2.747633,3.477767,0.0,0.0
S100A6,1.76960744355449,0.0,3.22769495326978,0.0
DERL3,0.0,0.0,0.0,0.0
AL928768.3,0.0,0.0,0.0,2.389753
MZB1,0.0,1.984782,2.697382,0.0
IGHA2,0.0,0.0,0.0,0.0
FTH1,3.019165,3.262313,3.572404,3.035991
IFITM3,0.0,0.0,0.0,0.0
SSR4,0.0,1.984782,2.069444,0.0
TNFRSF17,0.0,0.0,0.0,0.0
TMSB10,3.019165,2.60675,4.251407,3.035991
MYL6,1.769607,1.984782,2.431912,0.0
ITM2B,0.0,1.984782,0.0,0.0
CST3,0.0,0.0,1.495195,1.784299
HSP90AB1,0.0,1.984782,0.0,2.389753
HSPB1,0.0,0.0,0.0,0.0
CD69,3.999192,3.936124,0.0,2.389753
LGALS1,0.0,0.0,2.069444,1.784299
EVI2B,1.769607,0.0,0.0,0.0
CD48,1.76960744355449,0.0,0.0,2.38975337871679
VIM,1.769607,0.0,2.697382,1.784299
ACTB,3.802586,1.984782,3.750033,1.784299
CYTIP,0.0,0.0,0.0,0.0
IGFBP7,0.0,0.0,0.0,0.0
S100A11,0.0,0.0,0.0,0.0
RGS1,0.0,0.0,3.08013066643107,0.0
LAPTM4A,0.0,1.984782,0.0,0.0
CD74,3.802586,3.936124,3.665157,4.102062
DSTN,0.0,0.0,0.0,0.0
ISG20,0.0,0.0,0.0,1.784299
S100A10,0.0,1.98478243676035,1.49519531482676,0.0
FAM46C,0.0,0.0,0.0,0.0
SPARC,0.0,0.0,0.0,0.0
CD63,0.0,0.0,0.0,0.0
CCL5,0.0,0.0,0.0,0.0
POLR2L,0.0,0.0,2.069444,1.784299
SPARCL1,0.0,0.0,0.0,0.0
CYBA,1.769607,2.987317,3.356258,2.764191
SEC11C,0.0,0.0,0.0,0.0
IGLC2,0.0,2.60675,0.0,4.102062
FOS,0.0,3.262313,0.0,3.035991
RHOA,0.0,0.0,2.431912,1.784299
SPINK2,0.0,0.0,0.0,0.0
NEAT1,2.373705,1.984782,1.495195,2.389753
RHOB,0.0,1.984782,0.0,0.0
S100A4,2.37370487983012,0.0,0.0,2.38975337871679
CD27,0.0,0.0,0.0,1.784299
CALD1,0.0,0.0,0.0,0.0
APP,0.0,0.0,2.431912,0.0
CTGF,0.0,0.0,0.0,0.0
HSP90AA1,1.769607,0.0,2.069444,0.0
DDX5,3.019165,0.0,2.069444,3.249483
EGR1,0.0,0.0,0.0,0.0
PPIA,0.0,1.984782,2.697382,1.784299
ACTG1,0.0,1.984782,3.080131,0.0
FCRL5,0.0,0.0,0.0,0.0
CNN3,0.0,0.0,0.0,0.0
ITGB1,1.769607,0.0,0.0,0.0
MT-CO3,4.95715,3.936124,4.652113,4.903761
ANXA2,0.0,0.0,0.0,0.0
TMSB4X,4.727181,4.619462,4.345422,4.445492
JUNB,2.747633,3.936124,1.495195,3.035991
POU2AF1,0.0,0.0,0.0,0.0
TXN,0.0,0.0,0.0,0.0
CALM2,0.0,0.0,2.906958,0.0
TSC22D3,1.769607,2.987317,2.906958,1.784299
EID1,0.0,0.0,0.0,0.0
ATP5I,2.747633,1.984782,1.495195,0.0
MT2A,1.769607,0.0,0.0,0.0
COX7A2,1.769607,0.0,0.0,0.0
YWHAE,0.0,0.0,1.495195,0.0
MALAT1,6.748755,6.47324,6.17788,6.033694
SRGN,2.373705,1.984782,2.697382,1.784299
ADIRF,0.0,0.0,0.0,0.0
GSN,0.0,0.0,0.0,0.0
WBP5,0.0,0.0,0.0,0.0
NFKBIA,2.373705,3.262313,1.495195,4.102062
CD53,1.76960744355449,0.0,0.0,0.0
FKBP1A,0.0,0.0,1.495195,0.0
MGP,0.0,0.0,0.0,0.0
FKBP11,0.0,0.0,0.0,0.0
RAC2,0.0,1.984782,0.0,0.0
DYNLL1,0.0,1.984782,1.495195,0.0
H3F3A,0.0,1.98478243676035,3.35625792547909,1.78429860398032
GSTP1,0.0,1.984782,2.431912,0.0
IL32,0.0,0.0,0.0,0.0
CD59,0.0,0.0,0.0,0.0
LMNA,0.0,0.0,0.0,0.0
SKP1,0.0,0.0,0.0,0.0
TIMP1,0.0,0.0,0.0,0.0
PSAP,0.0,0.0,2.069444,0.0
SRP14,1.769607,1.984782,2.431912,1.784299
ANKRD28,0.0,0.0,0.0,0.0
COL4A1,0.0,0.0,0.0,0.0
HMGB1,0.0,0.0,2.069444,2.389753
TSPO,0.0,0.0,0.0,0.0
MEF2C,2.747633,1.984782,0.0,1.784299
COL6A2,0.0,0.0,0.0,0.0
GADD45GIP1,0.0,0.0,0.0,0.0
ICAM3,0.0,0.0,0.0,0.0
CFL1,3.019165,0.0,2.906958,1.784299
UQCRQ,0.0,0.0,1.495195,0.0
SPRY1,0.0,0.0,0.0,0.0
COX5B,0.0,1.984782,0.0,1.784299
RPS21,3.802586,2.987317,2.069444,3.574809
POMP,2.373705,0.0,1.495195,0.0
TPD52,0.0,0.0,0.0,0.0
COX6B1,1.769607,0.0,1.495195,0.0
NDUFA4,0.0,1.984782,0.0,0.0
NPC2,0.0,0.0,1.495195,0.0
S100A13,0.0,0.0,0.0,0.0
RPL38,3.802586,3.477767,2.906958,2.764191
CD99,0.0,0.0,0.0,0.0
ACTN1,0.0,0.0,0.0,0.0
PTRF,0.0,0.0,0.0,0.0
TCEB2,1.769607,0.0,1.495195,0.0
PPDPF,2.373705,1.984782,0.0,2.389753
CD7,0.0,0.0,0.0,0.0
RPS4Y1,0.0,0.0,1.495195,0.0
ANXA1,0.0,0.0,0.0,0.0
KLRD1,0.0,0.0,0.0,0.0
COL1A2,0.0,0.0,0.0,0.0
IGLC3,0.0,0.0,0.0,0.0
CXCL8,1.769607,0.0,1.495195,1.784299
TNFRSF18,0.0,0.0,0.0,0.0
MYL12B,1.769607,0.0,1.495195,1.784299
SUMO2,0.0,0.0,2.069444,2.389753
ARHGDIB,0.0,0.0,0.0,0.0
MYL12A,0.0,1.984782,1.495195,2.764191
YBX3,0.0,0.0,0.0,0.0
ZFP36,0.0,2.60675,0.0,0.0
MCL1,0.0,0.0,2.06944363184013,0.0
TMBIM4,1.769607,0.0,0.0,1.784299
UBL5,1.769607,1.984782,2.069444,0.0
COL4A2,0.0,0.0,0.0,0.0
MYL9,0.0,0.0,0.0,0.0
MORF4L1,0.0,0.0,0.0,1.784299
SERF2,3.232493,2.987317,2.431912,2.389753
RPL28,3.905713,3.805378,4.147628,4.180831
MT-CO1,5.19925,4.889046,5.435353,4.654564
EVL,1.769607,0.0,0.0,2.389753
WSB1,0.0,0.0,2.069444,0.0
PCBP2,1.769607,0.0,0.0,1.784299
HLA-A,0.0,1.984782,1.495195,0.0
PTPRC,2.37370487983012,1.98478243676035,0.0,0.0
TMA7,1.769607,0.0,2.697382,0.0
GNG7,1.769607,0.0,0.0,0.0
ANXA5,0.0,0.0,0.0,0.0
TMEM230,0.0,0.0,0.0,0.0
CLIC4,0.0,0.0,0.0,0.0
PSMB1,1.769607,0.0,0.0,0.0
TPM4,0.0,0.0,0.0,0.0
PPIC,0.0,0.0,0.0,0.0
HSPG2,0.0,0.0,0.0,0.0
TFPI,0.0,0.0,0.0,0.0
CXCR4,3.999192,2.987317,2.431912,2.389753
EMB,1.769607,0.0,1.495195,0.0
NCF1,0.0,1.984782,0.0,0.0
SELM,0.0,0.0,0.0,0.0
MZT2B,1.769607,0.0,1.495195,0.0
DNAJB9,0.0,0.0,1.495195,0.0
COL6A1,0.0,0.0,0.0,0.0
TPM1,0.0,0.0,0.0,0.0
CYR61,0.0,0.0,0.0,0.0
HNRNPA2B1,2.373705,2.60675,1.495195,1.784299
HLA-DPA1,0.0,2.987317,1.495195,0.0
RPS27,5.22577284836619,5.50460400418563,5.03206493008977,5.61147373250968
IGFBP4,0.0,0.0,0.0,0.0
SH3BGRL3,1.76960744355449,0.0,3.08013066643107,0.0
JUND,0.0,2.60675,0.0,0.0
ARGLU1,0.0,0.0,1.495195,0.0
ATP5E,1.769607,2.60675,3.665157,2.389753
AAK1,0.0,0.0,0.0,0.0
YBX1,0.0,1.98478243676035,2.06944363184013,2.38975337871679
UBE2J1,1.769607,0.0,2.431912,0.0
MANF,0.0,0.0,0.0,0.0
COX6A1,1.769607,1.984782,2.431912,0.0
HNMT,0.0,0.0,0.0,0.0
USMG5,0.0,0.0,0.0,0.0
YWHAB,2.373705,1.984782,0.0,0.0
RPL8,3.019165,3.654929,2.697382,3.574809
NUCKS1,0.0,0.0,2.06944363184013,0.0
RDX,0.0,0.0,1.495195,1.784299
COX6C,0.0,0.0,0.0,2.764191
GUK1,1.76960744355449,0.0,0.0,0.0
LINC01480,0.0,0.0,0.0,0.0
CCNI,2.373705,1.984782,2.906958,2.389753
A2M,0.0,0.0,0.0,0.0
DBI,1.769607,0.0,2.069444,0.0
PLAC9,0.0,0.0,0.0,0.0
ERH,1.769607,1.984782,1.495195,0.0
SPINT2,0.0,0.0,1.495195,1.784299
ST13,0.0,0.0,0.0,0.0
CORO1A,0.0,0.0,1.495195,0.0
EMP3,1.769607,0.0,0.0,1.784299
VAMP8,0.0,0.0,0.0,2.389753
VAMP2,1.769607,0.0,0.0,1.784299
GAPDH,2.373705,0.0,0.0,2.764191
TPI1,0.0,0.0,0.0,0.0
SEC11A,0.0,0.0,0.0,0.0
NDUFS5,0.0,0.0,0.0,0.0
EIF3L,2.373705,1.984782,2.069444,1.784299
HERPUD1,0.0,0.0,1.495195,0.0
NFIB,0.0,0.0,0.0,0.0
CD9,0.0,0.0,0.0,0.0
PRDM1,0.0,1.984782,0.0,0.0
FN1,0.0,0.0,0.0,0.0
NDUFA1,0.0,0.0,0.0,0.0
RPS12,4.637052,4.487338,4.251407,4.654564
RHOH,0.0,1.984782,0.0,0.0
RPL13,4.809854,4.33506,3.968462,5.411615
HCST,0.0,0.0,0.0,0.0
MARCKS,1.769607,0.0,0.0,0.0
BTF3,0.0,0.0,2.069444,1.784299
RPL30,3.802586,2.987317,3.080131,3.574809
FOSB,2.373705,3.477767,0.0,1.784299
PEBP1,0.0,0.0,0.0,0.0
TIMP3,0.0,0.0,0.0,0.0
NDUFB1,0.0,0.0,1.495195,1.784299
NNMT,0.0,0.0,0.0,0.0
GPX4,0.0,0.0,0.0,1.784299
SEPW1,0.0,0.0,0.0,0.0
KDELR2,0.0,0.0,2.069444,0.0
LSM5,1.769607,0.0,1.495195,0.0
NFIC,0.0,0.0,0.0,0.0
SBDS,0.0,0.0,0.0,0.0
EIF4A1,0.0,0.0,0.0,0.0
CD3D,0.0,0.0,0.0,0.0
SEPP1,0.0,0.0,0.0,0.0
SDCBP,0.0,1.984782,0.0,0.0
RTN4,0.0,0.0,0.0,0.0
RPLP2,4.236418,4.979362,4.200864,4.744708
ITGA6,0.0,0.0,0.0,0.0
BTG1,1.769607,2.60675,0.0,3.249483
DDOST,0.0,0.0,0.0,0.0
COL3A1,0.0,0.0,1.495195,0.0
IL2RG,0.0,0.0,0.0,0.0
SON,0.0,1.984782,0.0,1.784299
DPYSL2,0.0,0.0,1.495195,0.0
NUPR1,0.0,0.0,0.0,0.0
IFI27,0.0,0.0,0.0,0.0
RARRES2,0.0,0.0,0.0,0.0
COX8A,2.373705,0.0,2.069444,0.0
IER3,0.0,0.0,0.0,0.0
RPS15,3.802586,4.33506,3.968462,4.60625
C4orf3,0.0,1.984782,1.495195,0.0
GPX1,0.0,0.0,3.227695,0.0
PSMA7,1.769607,0.0,1.495195,1.784299
GABARAPL2,0.0,0.0,2.431912,0.0
RPSA,3.232493,2.987317,3.227695,3.249483
GNG5,0.0,0.0,0.0,0.0
UQCR11,1.769607,0.0,2.069444,0.0
CD37,0.0,1.984782,1.495195,2.764191
CEBPD,0.0,0.0,0.0,0.0
ERGIC2,0.0,0.0,0.0,0.0
ATP5G3,0.0,0.0,1.495195,0.0
MYADM,0.0,0.0,0.0,0.0
ISG15,1.76960744355449,0.0,0.0,0.0
CALM1,1.769607,0.0,1.495195,1.784299
UBB,0.0,0.0,2.431912,0.0
PTMA,3.019165,3.262313,2.697382,4.180831
ACAP1,0.0,0.0,0.0,0.0
PDK4,0.0,0.0,0.0,0.0
NDUFA11,0.0,0.0,1.495195,0.0
TOMM7,2.747633,3.262313,1.495195,1.784299
PTGES3,1.769607,0.0,0.0,0.0
SOCS3,0.0,0.0,0.0,0.0
TCF4,2.373705,1.984782,2.431912,0.0
HSD17B10,0.0,0.0,0.0,0.0
TAOK3,0.0,0.0,2.069444,0.0
DUSP1,1.769607,1.984782,0.0,2.389753
MIF,0.0,0.0,1.495195,0.0
FCGRT,0.0,0.0,1.495195,0.0
NDUFS6,0.0,0.0,0.0,0.0
RAN,0.0,0.0,0.0,0.0
MYH9,0.0,0.0,1.495195,0.0
FTL,4.163422,3.262313,2.697382,3.819877
CD52,2.74763286906502,2.60675015716478,0.0,2.76419132272449
MT-ND3,4.537987,4.679506,3.572404,4.700652
MT-ATP6,4.683131,4.051736,3.665157,4.321892
RPS26,2.373705,1.984782,2.069444,0.0
SNX3,1.769607,3.262313,3.227695,0.0
LGALS3BP,0.0,0.0,0.0,0.0
PMP22,0.0,0.0,0.0,0.0
SRSF5,0.0,2.60675,1.495195,0.0
SPTBN1,0.0,0.0,0.0,0.0
ZFP36L1,2.373705,0.0,0.0,1.784299
PERP,0.0,0.0,0.0,0.0
ALDOA,0.0,1.984782,0.0,1.784299
RPL27,3.687588,2.60675,3.356258,3.574809
PRDX5,0.0,0.0,0.0,0.0
FSTL1,1.769607,0.0,0.0,0.0
TBCA,0.0,0.0,2.431912,0.0
TXNDC11,0.0,0.0,0.0,0.0
DNAJC1,0.0,0.0,0.0,0.0
RPLP1,4.428019,4.619462,4.299519,4.555482
CHCHD2,0.0,0.0,1.495195,0.0
NGFRAP1,0.0,0.0,0.0,0.0
ROMO1,0.0,0.0,1.495195,0.0
RPL11,4.16342181833422,4.41409479505923,3.66515739114911,4.78690518162449
SAT1,1.769607,1.984782,1.495195,1.784299
ARHGEF12,0.0,0.0,0.0,0.0
CRIP2,0.0,0.0,0.0,0.0
EPAS1,0.0,0.0,0.0,0.0
RPL3,4.304447,4.051736,3.900819,4.253847
ITGB7,0.0,0.0,0.0,0.0
IFITM2,0.0,0.0,0.0,0.0
COMMD6,0.0,1.984782,1.495195,2.389753
LSM7,0.0,0.0,0.0,0.0
RPS27L,1.769607,0.0,0.0,0.0
LAMC1,0.0,0.0,0.0,0.0
SPATS2L,0.0,0.0,1.495195,0.0
OPTN,0.0,0.0,0.0,0.0
SRSF3,1.769607,0.0,0.0,0.0
PSMD8,0.0,0.0,0.0,0.0
PRKCDBP,0.0,0.0,0.0,0.0
TCEAL4,0.0,0.0,0.0,0.0
LIMA1,0.0,0.0,0.0,0.0
RPS27A,4.428019,4.619462,4.147628,3.574809
SOD1,0.0,0.0,0.0,0.0
TRA2B,0.0,1.984782,2.069444,0.0
NAMPT,0.0,0.0,0.0,0.0
RAB30-AS1,0.0,0.0,0.0,0.0
TARSL2,0.0,0.0,0.0,0.0
MT-ND5,0.0,1.984782,2.431912,1.784299
GNAS,0.0,0.0,0.0,0.0
IER2,0.0,3.654929,0.0,3.035991
ITM2C,0.0,0.0,1.495195,0.0
SHFM1,0.0,0.0,1.495195,0.0
CD81,0.0,0.0,0.0,0.0
RBMS1,1.769607,0.0,0.0,0.0
SLC25A3,0.0,0.0,0.0,0.0
DST,0.0,0.0,0.0,0.0
C1R,0.0,0.0,0.0,0.0
TRAC,0.0,0.0,0.0,0.0
CFD,0.0,0.0,0.0,0.0
VMP1,0.0,0.0,0.0,0.0
KLF4,0.0,0.0,0.0,0.0
PNRC1,0.0,1.984782,1.495195,0.0
LEPROT,0.0,0.0,0.0,0.0
EIF3K,1.769607,0.0,1.495195,0.0
CUTA,1.769607,0.0,1.495195,0.0
CSTB,0.0,2.60675,0.0,0.0
SMARCB1,0.0,0.0,0.0,0.0
PHLDA1,0.0,0.0,0.0,0.0
TCEB1,0.0,0.0,1.495195,1.784299
CTSD,0.0,1.984782,1.495195,0.0
RPS14,4.084674,3.262313,3.665157,4.786905
ATRAID,0.0,0.0,0.0,0.0
LGALS3,0.0,0.0,0.0,0.0
GNG11,0.0,0.0,0.0,0.0
LMAN2,0.0,0.0,0.0,0.0
EIF4G2,0.0,1.984782,0.0,0.0
LAGE3,0.0,0.0,0.0,0.0
MT-ND4,5.11518,4.33506,4.38931,4.501999
TMBIM6,0.0,0.0,0.0,1.784299
REEP5,1.769607,0.0,0.0,0.0
PRELID1,0.0,0.0,0.0,0.0
CAPZA2,1.769607,0.0,0.0,0.0
TAGLN,0.0,0.0,0.0,0.0
APLP2,0.0,0.0,0.0,0.0
VPS37B,0.0,0.0,0.0,0.0
HLA-DQB1,1.769607,2.60675,1.495195,0.0
C1orf54,0.0,0.0,0.0,0.0
NPM1,2.373705,1.984782,3.227695,1.784299
UQCRB,2.373705,0.0,0.0,2.389753
CALR,0.0,0.0,0.0,0.0
SERPINF1,0.0,0.0,2.069444,0.0
NR2F2,0.0,0.0,0.0,0.0
UQCRFS1,0.0,0.0,0.0,0.0
CDC42,0.0,0.0,1.49519531482676,0.0
CTSS,0.0,0.0,0.0,0.0
MT-ND4L,0.0,1.984782,1.495195,1.784299
TNFRSF13B,0.0,0.0,0.0,0.0
ENO1,0.0,0.0,0.0,0.0
RPS16,3.232493,3.805378,3.470159,4.180831
SAMSN1,0.0,0.0,0.0,0.0
SPCS3,0.0,0.0,0.0,0.0
EVI2A,0.0,0.0,0.0,0.0
ATP5O,0.0,0.0,1.495195,1.784299
PHPT1,0.0,0.0,0.0,0.0
DRAP1,1.769607,1.984782,0.0,0.0
MT-ND1,3.905713,2.60675,3.356258,3.249483
PRDX1,0.0,0.0,0.0,0.0
PKP4,0.0,0.0,0.0,0.0
ARF1,0.0,0.0,0.0,0.0
TGFB1I1,0.0,0.0,0.0,0.0
ATP6V0B,0.0,0.0,0.0,0.0
SPTAN1,0.0,0.0,0.0,0.0
PECAM1,0.0,0.0,0.0,0.0
RPL19,3.019165,3.805378,3.665157,4.253847
MRPL33,0.0,0.0,0.0,0.0
KRT18,0.0,0.0,0.0,0.0
CXCL2,0.0,1.984782,0.0,0.0
HLA-E,0.0,2.60675,1.495195,0.0
TPM2,0.0,0.0,0.0,0.0
IL6ST,0.0,0.0,0.0,0.0
PLPP1,0.0,0.0,0.0,0.0
CD55,1.76960744355449,0.0,1.49519531482676,0.0
DEK,1.769607,0.0,0.0,0.0
FIS1,2.373705,0.0,0.0,0.0
HSPD1,0.0,0.0,0.0,0.0
ERGIC3,1.769607,0.0,1.495195,0.0
BRK1,2.373705,0.0,2.069444,1.784299
ZBTB16,0.0,0.0,0.0,0.0
PIM2,0.0,0.0,0.0,0.0
RNASE1,0.0,0.0,0.0,0.0
C14orf2,0.0,0.0,3.080131,0.0
OSTC,0.0,0.0,0.0,0.0
ATP5J2,0.0,0.0,1.495195,0.0
PNISR,1.769607,1.984782,2.069444,1.784299
PDCD4,0.0,0.0,0.0,1.784299
VAMP5,0.0,0.0,0.0,0.0
RTFDC1,1.769607,0.0,0.0,0.0
NDUFB8,1.769607,0.0,0.0,0.0
CAV1,0.0,0.0,0.0,0.0
KANSL1,0.0,0.0,0.0,0.0
PSMB7,0.0,0.0,1.495195,0.0
ST6GAL1,0.0,0.0,0.0,0.0
MRPS10,1.769607,0.0,0.0,0.0
MT1X,0.0,0.0,0.0,0.0
SOD2,0.0,0.0,0.0,1.784299
LSP1,0.0,0.0,1.495195,0.0
CTSL,0.0,0.0,0.0,0.0
SLC25A5,0.0,0.0,2.431912,0.0
TAGLN2,0.0,1.98478243676035,1.49519531482676,1.78429860398032
PSMB8,1.769607,0.0,0.0,0.0
COL1A1,0.0,0.0,0.0,0.0
PPP1CC,0.0,0.0,0.0,0.0
ATP1B3,0.0,0.0,0.0,0.0
H2AFJ,1.769607,0.0,0.0,0.0
AHNAK,0.0,0.0,0.0,0.0
DLC1,0.0,0.0,0.0,0.0
ZC3H13,0.0,0.0,0.0,0.0
RNU12,0.0,0.0,1.495195,0.0
ZNF706,0.0,1.984782,0.0,0.0
RPS24,3.408216,2.60675,4.345422,3.704832
GLCCI1,0.0,0.0,0.0,0.0
BST2,0.0,0.0,0.0,0.0
PRSS23,0.0,0.0,0.0,0.0
C19orf70,0.0,0.0,0.0,0.0
EEF1B2,2.373705,2.987317,1.495195,2.389753
TSTD1,0.0,1.98478243676035,0.0,0.0
CCDC57,0.0,0.0,1.495195,0.0
HNRNPK,0.0,0.0,0.0,1.784299
PYURF,0.0,0.0,2.069444,0.0
COMMD3,0.0,0.0,0.0,1.784299
LDHA,0.0,0.0,0.0,0.0
GTF2I,0.0,1.984782,0.0,0.0
DNAJC3,0.0,0.0,0.0,0.0
RABAC1,0.0,0.0,0.0,0.0
SLIRP,0.0,0.0,0.0,0.0
COPZ1,0.0,0.0,0.0,0.0
CSRP1,0.0,0.0,0.0,0.0
RPL37A,3.408216,3.805378,3.968462,3.249483
STK17B,0.0,1.984782,0.0,0.0
NAP1L1,1.769607,0.0,2.069444,1.784299
TNXB,0.0,0.0,0.0,0.0
ATP2C1,0.0,0.0,0.0,0.0
CPQ,0.0,0.0,0.0,0.0
COX17,1.769607,0.0,0.0,0.0
CANX,0.0,0.0,1.495195,1.784299
RTF1,0.0,0.0,0.0,0.0
SERINC5,0.0,0.0,0.0,0.0
PTMS,0.0,0.0,1.495195,0.0
TXNDC15,0.0,1.984782,0.0,0.0
UQCR10,1.769607,0.0,0.0,0.0
TRMT112,0.0,2.60675,0.0,0.0
POLR2K,0.0,0.0,0.0,0.0
PSMB9,0.0,0.0,0.0,0.0
B2M,5.023387,5.396855,4.547812,4.744708
LSM1,0.0,0.0,0.0,0.0
RPL37,3.557627,3.477767,3.828265,4.102062
CD2,0.0,0.0,0.0,0.0
VAPA,0.0,0.0,2.069444,0.0
ARID5B,1.769607,0.0,0.0,1.784299
PPA1,0.0,0.0,0.0,0.0
PDLIM1,0.0,0.0,0.0,0.0
HLA-DQA1,1.769607,0.0,0.0,2.389753
MFGE8,0.0,0.0,0.0,0.0
HLA-DRA,3.408216,4.155356,2.431912,4.253847
SEPT1,0.0,0.0,0.0,0.0
APRT,1.769607,2.60675,1.495195,0.0
COX7A1,0.0,0.0,0.0,0.0
PCBP1,0.0,0.0,1.495195,0.0
DPT,0.0,0.0,0.0,0.0
ATPIF1,0.0,0.0,1.49519531482676,0.0
NRP1,0.0,0.0,1.495195,0.0
ATP5A1,0.0,0.0,0.0,0.0
TXNIP,2.74763286906502,2.60675015716478,0.0,2.76419132272449
LY96,1.769607,0.0,0.0,0.0
TACC1,0.0,0.0,1.495195,0.0
HSPA8,1.769607,0.0,2.069444,0.0
BMPR2,0.0,0.0,0.0,0.0
LPP,0.0,0.0,0.0,0.0
ZNF397,0.0,0.0,0.0,0.0
FXYD1,0.0,0.0,0.0,0.0
ATP6V1E1,0.0,0.0,0.0,0.0
ATOX1,0.0,0.0,0.0,0.0
PLPP3,0.0,0.0,0.0,0.0
ATP6V0E1,0.0,1.984782,0.0,1.784299
KLF2,0.0,0.0,1.495195,0.0
IRF8,0.0,1.984782,2.069444,0.0
RPL23,3.557627,3.477767,2.906958,3.249483
SAP18,0.0,0.0,0.0,1.784299
EIF1,1.769607,0.0,2.431912,2.389753
EPS8,0.0,0.0,0.0,0.0
RAB2A,0.0,0.0,0.0,0.0
SAMHD1,0.0,0.0,2.069444,0.0
TIMP2,0.0,0.0,0.0,0.0
INPP5D,1.769607,0.0,0.0,0.0
SEPT7,0.0,0.0,0.0,0.0
NAPA,0.0,0.0,0.0,0.0
COPS8,0.0,0.0,0.0,0.0
SOX4,0.0,0.0,2.069444,0.0
TAF12,0.0,1.98478243676035,1.49519531482676,0.0
EMP1,0.0,0.0,0.0,0.0
RPL7,3.999192,3.262313,3.080131,3.704832
VPS28,0.0,0.0,0.0,0.0
CPNE3,0.0,0.0,0.0,0.0
LINC00493,0.0,1.984782,1.495195,0.0
COL18A1,0.0,0.0,0.0,0.0
RPL32,4.304447,4.487338,4.200864,4.827394
FABP5,0.0,0.0,0.0,0.0
DYNLT1,0.0,0.0,0.0,0.0
STAT3,0.0,0.0,1.495195,0.0
ARPC2,2.373705,0.0,2.069444,0.0
EEF1A1,4.084674,3.477767,4.345422,4.654564
PARK7,0.0,2.60675015716478,0.0,0.0
FILIP1L,0.0,0.0,0.0,0.0
GLUL,0.0,0.0,2.06944363184013,0.0
SEL1L3,0.0,0.0,0.0,1.784299
TGFBR2,1.769607,0.0,2.431912,0.0
NFE2L1,0.0,0.0,0.0,0.0
HLA-C,1.769607,2.987317,2.069444,1.784299
C9orf16,0.0,1.984782,1.495195,1.784299
NEMF,0.0,0.0,0.0,0.0
PFDN5,0.0,3.477767,1.495195,2.764191
ENY2,0.0,1.984782,0.0,0.0
COX7C,0.0,0.0,2.069444,0.0
ALOX5AP,0.0,0.0,2.431912,0.0
RPL22L1,0.0,0.0,0.0,0.0
NDUFB2,0.0,0.0,1.495195,1.784299
SCP2,0.0,0.0,1.49519531482676,0.0
ALG5,0.0,0.0,1.495195,0.0
ARL2,0.0,0.0,0.0,0.0
PLPP5,0.0,0.0,0.0,0.0
MAP1LC3B,0.0,0.0,0.0,0.0
CDC42BPA,0.0,0.0,0.0,0.0
EIF2S2,0.0,0.0,1.495195,0.0
HNRNPAB,0.0,0.0,0.0,0.0
RAP1A,0.0,0.0,1.49519531482676,0.0
YWHAZ,0.0,1.984782,2.069444,1.784299
H3F3B,2.373705,2.60675,3.080131,2.389753
RHOC,0.0,0.0,0.0,0.0
SERBP1,1.76960744355449,1.98478243676035,1.49519531482676,0.0
ATP5J,0.0,0.0,0.0,0.0
NDFIP1,0.0,0.0,0.0,0.0
NID1,0.0,0.0,0.0,0.0
PLOD2,0.0,0.0,0.0,0.0
RHEB,0.0,0.0,0.0,0.0
COX7B,0.0,0.0,1.495195,0.0
HNRNPU,0.0,0.0,0.0,0.0
NDUFC2,1.769607,0.0,0.0,0.0
PHGR1,0.0,0.0,0.0,0.0
MAP1B,0.0,0.0,0.0,0.0
JMJD1C,0.0,0.0,1.495195,0.0
STOM,0.0,0.0,0.0,0.0
PRMT2,0.0,1.984782,0.0,0.0
GPSM3,0.0,1.984782,2.069444,1.784299
HLA-B,2.747633,1.984782,2.697382,2.389753
STK4,2.373705,2.60675,0.0,1.784299
TNRC6B,2.373705,0.0,1.495195,1.784299
EIF5,0.0,0.0,0.0,1.784299
MRPL57,0.0,0.0,2.069444,0.0
STX5,0.0,0.0,0.0,0.0
ESD,0.0,0.0,1.495195,0.0
MINOS1,0.0,0.0,0.0,1.78429860398032
NCKAP1,0.0,0.0,0.0,0.0
GYG1,0.0,0.0,0.0,0.0
RPL23A,3.802586,4.051736,3.665157,4.321892
TCEAL8,0.0,0.0,0.0,0.0
SMDT1,1.769607,1.984782,0.0,0.0
UBE2I,0.0,1.984782,1.495195,1.784299
CRTAP,0.0,0.0,0.0,0.0
ATP5D,0.0,0.0,0.0,0.0
TOMM20,0.0,0.0,0.0,0.0
GIMAP4,0.0,0.0,0.0,0.0
ARHGAP29,0.0,0.0,0.0,0.0
CLIC1,1.769607,0.0,0.0,0.0
ERP29,0.0,1.984782,0.0,0.0
TCF25,0.0,0.0,0.0,0.0
C17orf62,0.0,0.0,0.0,1.784299
SUMO1,0.0,0.0,0.0,0.0
AKAP13,0.0,1.984782,0.0,0.0
NDUFB9,1.769607,0.0,0.0,0.0
TRIM33,0.0,0.0,0.0,0.0
TMEM176A,0.0,0.0,0.0,0.0
HMGN1,1.769607,0.0,2.069444,3.035991
GPR160,0.0,0.0,0.0,0.0
NDRG1,0.0,0.0,0.0,0.0
SSR3,0.0,0.0,0.0,1.784299
IGHM,0.0,1.984782,0.0,0.0
LAMTOR5,0.0,0.0,1.49519531482676,1.78429860398032
BSG,0.0,0.0,0.0,1.784299
HADHA,1.769607,0.0,1.495195,0.0
CNIH1,0.0,0.0,0.0,0.0
SEPT10,0.0,0.0,0.0,0.0
ATP5C1,0.0,0.0,0.0,0.0
KRT10,0.0,0.0,2.069444,0.0
CTNND1,0.0,0.0,0.0,0.0
WDR60,0.0,0.0,1.495195,0.0
RPS29,4.809854,4.249239,4.031819,4.501999
PPP1R10,0.0,0.0,0.0,0.0
HNRNPA0,0.0,0.0,0.0,0.0
NFE2L2,0.0,0.0,1.495195,0.0
TERF2IP,0.0,0.0,2.069444,1.784299
POU2F2,0.0,0.0,0.0,0.0
CLTA,0.0,0.0,1.495195,0.0
FLNA,0.0,0.0,0.0,0.0
FBLN1,0.0,0.0,0.0,0.0
HSPE1,0.0,0.0,2.069444,0.0
IDH2,0.0,0.0,1.495195,0.0
SDHB,0.0,0.0,1.49519531482676,0.0
ARL6IP4,0.0,1.984782,2.069444,2.389753
PFN1,1.769607,2.60675,2.431912,1.784299
AHI1,1.769607,0.0,0.0,0.0
VCAM1,0.0,0.0,0.0,0.0
CDK2AP2,0.0,0.0,0.0,0.0
TMEM134,0.0,0.0,0.0,0.0
TP53INP1,0.0,0.0,0.0,1.784299
RPS6KB2,0.0,0.0,0.0,0.0
DDX24,1.769607,1.984782,1.495195,0.0
ZFP36L2,0.0,0.0,2.069444,1.784299
FNIP1,0.0,0.0,0.0,0.0
SHMT2,0.0,0.0,0.0,0.0
TSHZ2,0.0,0.0,0.0,0.0
NDUFA3,0.0,0.0,2.069444,0.0
SRSF11,0.0,0.0,0.0,1.78429860398032
DDX17,2.747633,0.0,1.495195,2.764191
CFH,0.0,0.0,0.0,0.0
GAS6,0.0,0.0,0.0,0.0
TSC22D1,0.0,0.0,0.0,0.0
SH3BGRL,1.769607,2.60675,1.495195,0.0
N4BP2L2,1.769607,0.0,1.495195,1.784299
BGN,0.0,0.0,0.0,0.0
ASAH1,0.0,0.0,0.0,0.0
CCL4,0.0,0.0,0.0,0.0
TM9SF2,0.0,0.0,0.0,0.0
ENAH,0.0,0.0,0.0,0.0
LIMD2,0.0,0.0,1.495195,0.0
SH3GLB1,0.0,0.0,0.0,0.0
C1S,0.0,0.0,0.0,0.0
NAA38,0.0,0.0,0.0,0.0
TUBB4B,0.0,0.0,0.0,0.0
PUM1,0.0,0.0,0.0,0.0
CHPF,0.0,0.0,0.0,0.0
SEP15,0.0,1.98478243676035,1.49519531482676,0.0
DCN,0.0,0.0,0.0,0.0
MRPL55,0.0,0.0,0.0,2.38975337871679
SNRPB,1.769607,0.0,1.495195,1.784299
HMGN3,0.0,0.0,0.0,0.0
TMEM176B,0.0,0.0,0.0,0.0
LAMTOR1,1.769607,0.0,2.069444,0.0
MKKS,0.0,0.0,0.0,0.0
TINAGL1,0.0,0.0,0.0,0.0
PDIA4,0.0,0.0,1.495195,0.0
CD44,0.0,0.0,0.0,1.784299
EIF3E,1.769607,1.984782,2.431912,1.784299
ADAMTS1,0.0,0.0,0.0,0.0
UBE2Z,0.0,0.0,0.0,0.0
CAV2,0.0,0.0,0.0,0.0
TNFRSF1A,0.0,0.0,0.0,0.0
NUTM2B-AS1,0.0,0.0,2.069444,0.0
HIF1A,0.0,0.0,0.0,0.0
FEZ2,0.0,0.0,1.495195,0.0
CDC37,1.769607,0.0,0.0,0.0
MDH2,0.0,0.0,0.0,0.0
SRRM2,1.769607,0.0,0.0,0.0
COX4I1,1.769607,0.0,1.495195,3.035991
RBM3,1.769607,0.0,1.495195,0.0
RBM17,0.0,0.0,0.0,0.0
CELF2,0.0,0.0,1.495195,2.764191
IGFBP5,0.0,0.0,0.0,0.0
IER3IP1,0.0,0.0,0.0,0.0
RAB5C,0.0,0.0,0.0,0.0
NDUFA13,0.0,1.984782,1.495195,1.784299
SDC2,0.0,0.0,0.0,0.0
COPS6,0.0,0.0,0.0,0.0
CLU,0.0,0.0,0.0,0.0
CCNL2,0.0,0.0,0.0,0.0
SERPING1,0.0,0.0,0.0,0.0
LY6E,0.0,0.0,0.0,0.0
SEC61G,1.769607,0.0,2.069444,0.0
MYEOV2,1.769607,0.0,1.495195,0.0
UBTF,0.0,0.0,0.0,0.0
SIVA1,0.0,0.0,0.0,0.0
AKR1B1,0.0,0.0,0.0,0.0
CHMP3,0.0,0.0,0.0,0.0
ANGPTL2,0.0,0.0,0.0,0.0
CTNNA1,0.0,0.0,0.0,0.0
CDC42EP1,0.0,0.0,0.0,0.0
MYO1C,0.0,0.0,0.0,0.0
TES,0.0,0.0,0.0,0.0
ENG,0.0,0.0,0.0,0.0
SDF2L1,0.0,0.0,0.0,0.0
TUBA1A,1.769607,0.0,0.0,0.0
IRF2BP2,0.0,0.0,1.49519531482676,0.0
LDHB,0.0,0.0,2.431912,0.0
PDLIM4,0.0,0.0,0.0,0.0
HINT1,1.769607,0.0,2.069444,1.784299
MAP4,0.0,0.0,0.0,0.0
UBE2B,0.0,0.0,0.0,0.0
CHD9,0.0,1.984782,1.495195,0.0
PDE7A,0.0,0.0,1.495195,1.784299
EIF4B,2.373705,0.0,1.495195,1.784299
LRP1,0.0,0.0,0.0,0.0
FLOT1,0.0,0.0,0.0,0.0
CDKN1A,0.0,0.0,0.0,0.0
NRDC,0.0,0.0,0.0,0.0
PTK2B,0.0,0.0,0.0,0.0
MRPS34,0.0,0.0,0.0,0.0
YTHDF2,0.0,0.0,0.0,0.0
RAC1,0.0,0.0,1.495195,0.0
CD3E,0.0,0.0,0.0,0.0
CAPNS1,1.769607,1.984782,0.0,0.0
HSBP1,0.0,0.0,0.0,0.0
ADH1B,0.0,0.0,0.0,0.0
ADGRL4,0.0,0.0,0.0,0.0
TRAF3IP3,1.76960744355449,0.0,0.0,0.0
TMED10,0.0,0.0,2.069444,0.0
CYB5A,0.0,0.0,0.0,0.0
GORASP2,0.0,0.0,0.0,0.0
CTSF,0.0,0.0,0.0,0.0
RAB13,0.0,0.0,0.0,0.0
AKIRIN1,0.0,0.0,0.0,0.0
SLC39A6,0.0,0.0,0.0,0.0
UFSP2,0.0,0.0,0.0,0.0
PSMB3,0.0,0.0,0.0,0.0
TGFBR3,0.0,0.0,0.0,0.0
DDX18,0.0,0.0,0.0,1.784299
SNRPC,0.0,0.0,0.0,0.0
TLN1,0.0,0.0,1.495195,1.784299
YWHAQ,0.0,0.0,0.0,0.0
SHC1,0.0,0.0,0.0,0.0
HAX1,0.0,0.0,0.0,0.0
CAMTA1,0.0,0.0,0.0,0.0
HEG1,0.0,0.0,0.0,0.0
KLRB1,0.0,0.0,0.0,0.0
MGMT,0.0,0.0,0.0,0.0
RNASET2,0.0,0.0,1.495195,0.0
NXT1,0.0,0.0,0.0,1.784299
YIPF2,0.0,0.0,0.0,0.0
HNRNPUL1,0.0,0.0,1.495195,0.0
RAI14,0.0,0.0,0.0,0.0
SNRPG,0.0,0.0,1.495195,0.0
LGALS4,0.0,0.0,0.0,0.0
HNRNPA3,0.0,0.0,0.0,0.0
HINT2,0.0,0.0,0.0,0.0
ID2,0.0,0.0,0.0,0.0
HNRNPC,0.0,0.0,1.495195,2.389753
EPC1,0.0,0.0,0.0,0.0
TAPBPL,0.0,0.0,0.0,0.0
NUCB2,0.0,0.0,0.0,0.0
EIF3J,0.0,0.0,0.0,0.0
AKAP12,0.0,0.0,0.0,0.0
FXYD3,0.0,0.0,0.0,0.0
MMP2,0.0,0.0,0.0,1.784299
OCIAD1,0.0,0.0,0.0,0.0
CYB5R3,0.0,0.0,0.0,1.784299
SCPEP1,0.0,0.0,0.0,0.0
ISCU,0.0,0.0,0.0,0.0
WDR26,2.37370487983012,0.0,0.0,0.0
SRPRA,0.0,0.0,0.0,0.0
DPP7,0.0,0.0,0.0,1.784299
C9orf142,0.0,0.0,2.697382,0.0
MRPS21,1.76960744355449,0.0,1.49519531482676,1.78429860398032
METTL9,0.0,0.0,0.0,0.0
CAP1,0.0,0.0,2.06944363184013,0.0
MLEC,0.0,0.0,2.069444,0.0
C19orf53,0.0,0.0,1.495195,0.0
SNHG8,0.0,1.984782,2.069444,1.784299
NSRP1,0.0,0.0,1.495195,0.0
PPHLN1,0.0,0.0,2.431912,0.0
CTTN,0.0,0.0,0.0,0.0
TAX1BP3,0.0,0.0,0.0,0.0
EIF3M,1.769607,0.0,1.495195,1.784299
WDR74,0.0,0.0,0.0,0.0
JUN,1.76960744355449,2.98731654613866,0.0,3.92304234637199
PRDM2,3.23249252978534,2.60675015716478,0.0,0.0
NCL,2.373705,1.984782,1.495195,0.0
CKLF,0.0,0.0,1.495195,0.0
H1FX,0.0,1.984782,0.0,0.0
MZT2A,0.0,0.0,0.0,0.0
FKBP8,0.0,0.0,1.495195,0.0
UBE2N,0.0,1.984782,1.495195,1.784299
EIF1AX,1.769607,1.984782,0.0,0.0
PRDX4,0.0,0.0,0.0,0.0
AUP1,0.0,0.0,1.495195,0.0
WIPF2,0.0,0.0,0.0,0.0
GTF3A,1.769607,0.0,0.0,0.0
ABL2,0.0,0.0,0.0,0.0
NDRG2,0.0,0.0,0.0,0.0
GMFG,1.769607,0.0,0.0,0.0
UROD,0.0,0.0,0.0,0.0
IL16,0.0,0.0,0.0,0.0
SNF8,0.0,0.0,1.495195,0.0
VGLL4,0.0,0.0,0.0,0.0
ATP5H,0.0,0.0,0.0,0.0
LAMTOR4,0.0,0.0,1.495195,1.784299
FAAP20,1.76960744355449,0.0,1.49519531482676,0.0
SEC62,0.0,0.0,0.0,0.0
HNRNPA1,0.0,1.984782,2.697382,0.0
RP11-138A9.1,0.0,0.0,0.0,0.0
BID,0.0,0.0,0.0,0.0
UBA3,0.0,0.0,1.495195,0.0
ANAPC16,1.769607,2.987317,1.495195,1.784299
TMX4,0.0,0.0,0.0,0.0
MRPL28,0.0,0.0,0.0,0.0
TNPO1,0.0,0.0,0.0,0.0
FKBP3,0.0,0.0,0.0,0.0
HNRNPDL,1.769607,2.60675,0.0,0.0
RBPMS,0.0,0.0,0.0,0.0
IST1,0.0,0.0,0.0,0.0
EDF1,0.0,0.0,0.0,1.784299
VKORC1,0.0,0.0,0.0,0.0
ASAP1,0.0,0.0,0.0,0.0
SSR2,0.0,0.0,1.49519531482676,0.0
C4orf48,0.0,0.0,0.0,0.0
MYC,0.0,1.984782,0.0,0.0
PAIP2,0.0,0.0,0.0,0.0
ACTN4,0.0,0.0,1.495195,0.0
C18orf32,0.0,0.0,0.0,0.0
HLA-DRB1,0.0,0.0,2.431912,2.389753
PEX16,0.0,0.0,0.0,0.0
EPRS,0.0,0.0,0.0,0.0
MEG3,0.0,0.0,0.0,0.0
MRPS25,0.0,0.0,0.0,0.0
CREG1,0.0,0.0,0.0,0.0
DNAJB11,0.0,0.0,0.0,0.0
ATL3,0.0,0.0,0.0,0.0
KLF9,0.0,0.0,0.0,0.0
TMED4,0.0,1.984782,0.0,0.0
MDM4,0.0,0.0,1.49519531482676,1.78429860398032
TMEM205,0.0,0.0,0.0,0.0
ERGIC1,0.0,0.0,0.0,0.0
EIF5A,1.769607,0.0,0.0,0.0
NDUFB11,0.0,0.0,1.495195,0.0
FAM3C,0.0,0.0,0.0,0.0
CCDC167,0.0,0.0,0.0,0.0
SEPT11,0.0,0.0,0.0,0.0
MRPL51,1.769607,0.0,0.0,0.0
TUG1,0.0,0.0,1.495195,0.0
CNBP,0.0,0.0,0.0,0.0
SARAF,1.769607,0.0,2.069444,0.0
FGL2,0.0,0.0,0.0,0.0
NUDT5,0.0,1.984782,0.0,0.0
ATP6V0D1,0.0,0.0,0.0,0.0
GULP1,0.0,0.0,0.0,0.0
NDUFV2,0.0,0.0,0.0,0.0
GRN,0.0,0.0,1.495195,0.0
SNRPD3,0.0,0.0,1.495195,0.0
TMEM160,1.769607,0.0,0.0,0.0
FYB,0.0,0.0,0.0,0.0
RAB5B,0.0,0.0,1.495195,0.0
NDUFB4,0.0,0.0,0.0,0.0
PRKAR1A,0.0,0.0,0.0,0.0
RTN3,0.0,0.0,0.0,0.0
COX5A,0.0,0.0,0.0,0.0
APOE,0.0,0.0,0.0,0.0
C12orf57,0.0,0.0,0.0,0.0
ACTA2,0.0,0.0,0.0,0.0
UNC50,0.0,0.0,0.0,0.0
NEXN,0.0,0.0,0.0,0.0
SPCS2,2.373705,1.984782,1.495195,0.0
AKR7A2,1.76960744355449,0.0,0.0,0.0
C11orf31,0.0,0.0,2.431912,0.0
HOPX,0.0,0.0,0.0,0.0
SF3B5,0.0,0.0,1.495195,1.784299
DNAJC21,0.0,0.0,0.0,0.0
AASDHPPT,0.0,0.0,1.495195,0.0
G0S2,0.0,2.60675015716478,0.0,0.0
ZRANB2,0.0,0.0,0.0,1.78429860398032
DDX42,0.0,0.0,0.0,0.0
ARSA,0.0,0.0,0.0,0.0
STK17A,1.769607,0.0,0.0,0.0
SLC35A3,0.0,0.0,1.49519531482676,0.0
PPP1CA,0.0,0.0,0.0,0.0
IQGAP1,0.0,0.0,0.0,0.0
HAGH,0.0,0.0,0.0,0.0
SRP9,0.0,1.98478243676035,0.0,0.0
CH17-189H20.1,0.0,0.0,0.0,0.0
PSMA2,0.0,0.0,0.0,0.0
PALLD,0.0,0.0,0.0,0.0
UBE2V2,0.0,0.0,0.0,0.0
NET1,0.0,0.0,0.0,0.0
SH3KBP1,0.0,0.0,0.0,0.0
HDAC7,0.0,0.0,0.0,0.0
C6orf48,0.0,0.0,0.0,0.0
RPL36,3.687588,4.155356,2.697382,3.923042
EIF3A,1.769607,1.984782,0.0,0.0
DHRS4L2,0.0,0.0,0.0,0.0
EIF4A2,2.373705,0.0,1.495195,2.389753
EIF5B,0.0,0.0,0.0,0.0
POSTN,0.0,0.0,0.0,0.0
NDUFB3,0.0,0.0,1.495195,0.0
ARID5A,0.0,0.0,0.0,0.0
MGEA5,0.0,0.0,0.0,0.0
MRFAP1,0.0,0.0,0.0,0.0
LTBP4,0.0,0.0,1.495195,0.0
ASNA1,0.0,0.0,0.0,0.0
TAF7,0.0,0.0,0.0,0.0
A1BG,0.0,0.0,0.0,0.0
SLIT3,0.0,0.0,0.0,0.0
EIF3G,0.0,0.0,1.495195,2.389753
NME3,0.0,0.0,0.0,0.0
STK38L,0.0,0.0,0.0,0.0
TYMP,2.373705,0.0,0.0,0.0
SNX17,0.0,0.0,0.0,0.0
BHLHE40,0.0,0.0,0.0,0.0
APOLD1,0.0,0.0,0.0,0.0
MT-ND6,0.0,0.0,0.0,0.0
ILF3-AS1,0.0,1.984782,0.0,0.0
MYO1B,0.0,0.0,0.0,0.0
GNAQ,0.0,0.0,1.495195,0.0
PRR13,0.0,0.0,0.0,0.0
ZNHIT1,0.0,0.0,0.0,0.0
GLTSCR2,0.0,0.0,1.495195,1.784299
YWHAH,0.0,0.0,0.0,0.0
AP2S1,0.0,1.984782,1.495195,0.0
SEC61B,1.769607,0.0,2.431912,0.0
RCAN1,0.0,0.0,0.0,0.0
FRMD4A,0.0,0.0,0.0,0.0
VOPP1,1.769607,0.0,0.0,0.0
RSRC1,0.0,0.0,0.0,0.0
H2AFZ,0.0,1.984782,0.0,1.784299
FNBP1,0.0,0.0,0.0,0.0
TMEM123,0.0,0.0,0.0,0.0
SEC14L1,0.0,0.0,0.0,0.0
TMEM256,1.769607,0.0,1.495195,0.0
PLS3,0.0,0.0,0.0,0.0
UGCG,0.0,0.0,1.495195,0.0
KLC1,0.0,0.0,1.495195,0.0
PSMC3,0.0,0.0,0.0,0.0
GPR183,3.019165,2.60675,0.0,0.0
PPP1CB,0.0,0.0,0.0,0.0
SEPT2,1.769607,0.0,0.0,0.0
PPP1R2,0.0,0.0,0.0,0.0
LHFP,0.0,0.0,0.0,0.0
RPL13A,4.922309,4.414095,4.746556,4.974709
CYCS,0.0,0.0,0.0,0.0
BAD,0.0,0.0,0.0,0.0
CYBRD1,0.0,0.0,0.0,0.0
NTMT1,0.0,0.0,1.495195,0.0
PHF3,0.0,0.0,0.0,1.784299
SFRP2,0.0,0.0,0.0,0.0
NR4A1,0.0,0.0,1.495195,0.0
EEA1,0.0,0.0,0.0,0.0
AXL,0.0,0.0,0.0,0.0
FKBP9,0.0,0.0,0.0,0.0
MRPS5,1.769607,0.0,0.0,0.0
CLMP,0.0,0.0,0.0,0.0
FOXO3,0.0,0.0,0.0,0.0
PTTG1IP,0.0,0.0,0.0,0.0
NEDD8,0.0,0.0,2.069444,2.389753
TSPAN31,0.0,0.0,0.0,0.0
CAMLG,1.769607,0.0,2.069444,0.0
WBSCR22,0.0,1.984782,0.0,0.0
ARL6IP5,0.0,1.984782,0.0,0.0
C19orf43,0.0,1.984782,1.495195,0.0
DDB1,0.0,0.0,0.0,0.0
RPL17,0.0,0.0,1.495195,1.784299
HYAL2,0.0,0.0,0.0,0.0
ARL6IP1,0.0,0.0,0.0,0.0
NOL7,0.0,0.0,1.495195,0.0
ILK,0.0,0.0,0.0,0.0
DNAJC4,0.0,0.0,0.0,0.0
CLTC,0.0,0.0,0.0,0.0
ATP6V1G1,0.0,1.984782,1.495195,2.389753
TUBB,0.0,0.0,0.0,0.0
SSBP3,0.0,0.0,0.0,0.0
CLEC11A,0.0,0.0,0.0,0.0
NDUFC1,0.0,0.0,0.0,0.0
PARL,0.0,0.0,0.0,0.0
PCM1,0.0,0.0,0.0,0.0
MYO9A,0.0,0.0,1.495195,0.0
MAP3K7,0.0,0.0,0.0,0.0
FUS,2.373705,1.984782,0.0,0.0
GTF2A2,2.373705,0.0,1.495195,1.784299
FAM198B,0.0,0.0,0.0,0.0
CSNK1E,0.0,0.0,0.0,0.0
LUM,0.0,0.0,0.0,0.0
RAMP2,0.0,0.0,0.0,0.0
RPS6KA3,0.0,1.984782,0.0,0.0
YPEL5,0.0,1.984782,2.431912,0.0
C1orf43,0.0,0.0,0.0,0.0
UBE2D3,1.769607,1.984782,0.0,0.0
